title,text,link,source
PM Imran Khan to visit Lahore on Monday,"Prime Minister Imran Khan will visit Lahore on a one-day trip on Monday, his spokesperson said on Friday. The spokesperson said that PM Khan will advise the ...",Samaa Digital,https://www.news.google.com/./articles/CBMiSmh0dHBzOi8vd3d3LnNhbWFhLnR2L25ld3MvMjAxOS8xMC9wbS1pbXJhbi1raGFuLXRvLXZpc2l0LWxhaG9yZS1vbi1tb25kYXkv0gFOaHR0cHM6Ly93d3cuc2FtYWEudHYvbmV3cy8yMDE5LzEwL3BtLWltcmFuLWtoYW4tdG8tdmlzaXQtbGFob3JlLW9uLW1vbmRheS9hbXAv?hl=en-PK&gl=PK&ceid=PK%3Aen
PM Imran Khan heads to Lahore for one-day visit | SAMAA,PM Khan will hold a meeting with Punjab Chief Minister Usman Buzdar at Chief Minister House. Buzdar will be briefing PM Khan on the Punjab government's ...,Samaa Digital News,https://www.news.google.com/./articles/CBMiUmh0dHBzOi8vd3d3LnNhbWFhLnR2L25ld3MvMjAxOS8wNy9wbS1pbXJhbi1raGFuLWhlYWRzLXRvLWxhaG9yZS1mb3Itb25lLWRheS12aXNpdC_SAQA?hl=en-PK&gl=PK&ceid=PK%3Aen
PM Imran to reach Lahore for day-long visit today,ISLAMABAD (Dunya News) - Prime Minister Imran Khan will arrive in Lahore on a day-long visit today (Saturday). He is scheduled to chair a meeting of the ...,Dunya News,https://www.news.google.com/./articles/CBMiWWh0dHBzOi8vZHVueWFuZXdzLnR2L2VuL1Bha2lzdGFuLzUyMTAwOC1QTS1JbXJhbi10by1yZWFjaC1MYWhvcmUtZm9yLWRheS1sb25nLXZpc2l0LXRvZGF50gEraHR0cHM6Ly9kdW55YW5ld3MudHYvYW1wL2VuZ2xpc2gvNTIxMDA4LnBocA?hl=en-PK&gl=PK&ceid=PK%3Aen
"PM Khan to visit Lahore, Nankana Sahib today",Prime Minister Imran Khan will embark on a day-long visit to Lahore and Nankana Sahib today (Monday). READ MORE: Croatia prepares for presidential ...,The Nation,https://www.news.google.com/./articles/CBMiTmh0dHBzOi8vbmF0aW9uLmNvbS5way8yOC1PY3QtMjAxOS9wbS1pbXJhbi10by12aXNpdC1sYWhvcmUtbmFua2FuYS1zYWhpYi10b2RhedIBWmh0dHBzOi8vbmF0aW9uLmNvbS5way8yOC1PY3QtMjAxOS9wbS1pbXJhbi10by12aXNpdC1sYWhvcmUtbmFua2FuYS1zYWhpYi10b2RheT92ZXJzaW9uPWFtcA?hl=en-PK&gl=PK&ceid=PK%3Aen
PM Imran Khan Reaches Lahore,Prime Minister (PM) Imran Khan has arrived in Lahore on one-day visit.,SUCH TV,https://www.news.google.com/./articles/CBMiU2h0dHBzOi8vd3d3LnN1Y2h0di5way9wYWtpc3Rhbi9nZW5lcmFsL2l0ZW0vOTE4MTQtcG0taW1yYW4ta2hhbi1yZWFjaGVzLWxhaG9yZS5odG1s0gEA?hl=en-PK&gl=PK&ceid=PK%3Aen
Imran Khan to visit Lahore on Monday,"Prime Minister Imran Khan will visit Lahore for a day on October 28. As per the details, Punjab Governor Chaudhry Mohammad Sarwar and Chief Minister ...",Daily Times,https://www.news.google.com/./articles/CBMiRmh0dHBzOi8vZGFpbHl0aW1lcy5jb20ucGsvNDg5NjEyL2ltcmFuLWtoYW4tdG8tdmlzaXQtbGFob3JlLW9uLW1vbmRheS_SAUpodHRwczovL2RhaWx5dGltZXMuY29tLnBrLzQ4OTYxMi9pbXJhbi1raGFuLXRvLXZpc2l0LWxhaG9yZS1vbi1tb25kYXkvYW1wLw?hl=en-PK&gl=PK&ceid=PK%3Aen
PM Khan To Visit Lahore Today,Prime Minister Imran Khan will reach Lahore on a day-long visit today (Monday) and will hold meeting with Punjab Chief Minister Usman Buzdar and other...,SUCH TV,https://www.news.google.com/./articles/CBMiU2h0dHBzOi8vd3d3LnN1Y2h0di5way9wYWtpc3Rhbi9wdW5qYWIvaXRlbS84OTU1MS1wbS1raGFuLXRvLXZpc2l0LWxhaG9yZS10b2RheS5odG1s0gEA?hl=en-PK&gl=PK&ceid=PK%3Aen
PM Imran Khan to visit Lahore tomorrow,LAHORE (Dunya News) – Prime Minister (PM) Imran Khan on Wednesday will pay a day-long visit to Lahore. He is scheduled to preside over a meeting of ...,DunyaNews Pakistan,https://www.news.google.com/./articles/CBMiT2h0dHBzOi8vZHVueWFuZXdzLnR2L2VuL1Bha2lzdGFuLzQ4NjE3MS1QTS1JbXJhbi1LaGFuLXRvLXZpc2l0LUxhaG9yZS10b21vcnJvdy3SAStodHRwczovL2R1bnlhbmV3cy50di9hbXAvZW5nbGlzaC80ODYxNzEucGhw?hl=en-PK&gl=PK&ceid=PK%3Aen
Imran Khan arrives in Lahore for a day-long visit | SAMAA,He will hold several meetings at the Chief Minister Secretariat. He has already had separate meetings with Punjab Chief Minister Usman Buzdar and Punjab ...,Samaa Digital,https://www.news.google.com/./articles/CBMiWWh0dHBzOi8vd3d3LnNhbWFhLnR2L25ld3MvMjAxOS8wMi9pbXJhbi1raGFuLXdpbGwtYmUtaW4tbGFob3JlLWZvci1hLW9uZS1kYXktdmlzaXQtdG9kYXkv0gEA?hl=en-PK&gl=PK&ceid=PK%3Aen
Imran Khan postpones Lahore visit due to escalated tensions along LoC,"Islamabad [Pakistan], Aug 17 (ANI): Pakistan Prime Minister Imran Khan has postponed his planned visit to Lahore due to escalated tensions on the Line of ...",ANI News,https://www.news.google.com/./articles/CBMie2h0dHBzOi8vd3d3LmFuaW5ld3MuaW4vbmV3cy93b3JsZC9hc2lhL2ltcmFuLWtoYW4tcG9zdHBvbmVzLWxhaG9yZS12aXNpdC1kdWUtdG8tZXNjYWxhdGVkLXRlbnNpb25zLWFsb25nLWxvYzIwMTkwODE3MTgxNjI4L9IBgQFodHRwczovL3d3dy5hbmluZXdzLmluL25ld3Mvd29ybGQvYXNpYS9pbXJhbi1raGFuLXBvc3Rwb25lcy1sYWhvcmUtdmlzaXQtZHVlLXRvLWVzY2FsYXRlZC10ZW5zaW9ucy1hbG9uZy1sb2MyMDE5MDgxNzE4MTYyOC8_YW1wPTE?hl=en-PK&gl=PK&ceid=PK%3Aen
"At least six patients lose life as lawyers storm Lahore hospital, attack doctors",The dispute between lawyers and young doctors reemerged as a rally attended by hundreds of lawyers stormed Punjab Institute of Cardiology (PIC) in Lahore.,ARY NEWS,https://www.news.google.com/./articles/CAIiEO02uui4VfpJE2vIV5QCLcoqGQgEKhAIACoHCAowqYv-CjDFiooDMPO32QU?hl=en-PK&gl=PK&ceid=PK%3Aen
"PM Imran to visit Lahore, Nankana Sahib on Monday",The prime minister will lay foundation stone of Baba Guru Nanak University in Nankana Sahib.,Dunya News,https://www.news.google.com/./articles/CBMiWWh0dHBzOi8vZHVueWFuZXdzLnR2L2VuL1Bha2lzdGFuLzUxNTk2OC1QTS1JbXJhbi10by12aXNpdC1MYWhvcmUtTmFua2FuYS1TYWhpYi1vbi1Nb25kYXkt0gEraHR0cHM6Ly9kdW55YW5ld3MudHYvYW1wL2VuZ2xpc2gvNTE1OTY4LnBocA?hl=en-PK&gl=PK&ceid=PK%3Aen
"Pakistan will facilitate Sikh Yatrees from all over the world, easing visa regime for them: PM","Prime Minister Imran Khan says Pakistan will facilitate Sikh Yatrees from all over the world, easing visa regime for them. He was addressing International Sikh ...",Radio Pakistan,https://www.news.google.com/./articles/CBMiUWh0dHA6Ly93d3cucmFkaW8uZ292LnBrLzAyLTA5LTIwMTkvcG0tdG8tYXJyaXZlLWluLWxhaG9yZS1vbi1kYXktbG9uZy12aXNpdC10b2RhedIBAA?hl=en-PK&gl=PK&ceid=PK%3Aen
PM Imran Khan to visit Lahore on Sunday,PM Imran will chair a meeting of the Punjab cabinet.,Geo News,https://www.news.google.com/./articles/CBMiSGh0dHBzOi8vd3d3Lmdlby50di9sYXRlc3QvMjQ1MDYxLXBtLWltcmFuLWtoYW4tdG8tdmlzaXQtbGFob3JlLW9uLXN1bmRhedIBRWh0dHBzOi8vd3d3Lmdlby50di9hbXAvMjQ1MDYxLXBtLWltcmFuLWtoYW4tdG8tdmlzaXQtbGFob3JlLW9uLXN1bmRheQ?hl=en-PK&gl=PK&ceid=PK%3Aen
"PM Imran hosts Prince William, Kate Middleton at Prime Minister House",Duke and Duchess of Cambridge Prince William and Kate Middleton met Prime Minister Imran Khan on Tuesday. The couple — who are the first royals to ...,DAWN.com,https://www.news.google.com/./articles/CBMiIWh0dHBzOi8vd3d3LmRhd24uY29tL25ld3MvMTUxMDk3NtIBJWh0dHBzOi8vd3d3LmRhd24uY29tL25ld3MvYW1wLzE1MTA5NzY?hl=en-PK&gl=PK&ceid=PK%3Aen
PM Imran Khan to visit Lahore on Saturday,"ISLAMABAD: The federal government has released schedule of the Prime Minister Imran Khan's visit to Lahore, ARY News reported on Thursday. PM Khan will ...",ARY NEWS,https://www.news.google.com/./articles/CAIiECXzzsHxs-55JhOPatNfuTIqGQgEKhAIACoHCAowqYv-CjDFiooDMNS32QU?hl=en-PK&gl=PK&ceid=PK%3Aen
PM Imran Khan to visit Lahore for one-day | SAMAA,Punjab govt to brief him on progress of housing scheme.,Samaa Digital,https://www.news.google.com/./articles/CBMiTGh0dHBzOi8vd3d3LnNhbWFhLnR2L25ld3MvMjAxOC8xMC9wbS1pbXJhbi1raGFuLXRvLXZpc2l0LWxhaG9yZS1mb3Itb25lLWRheS_SAQA?hl=en-PK&gl=PK&ceid=PK%3Aen
PM Imran Khan likely to visit Lahore tomorrow,The prime minister is expected to chair a meeting of PTI's parliamentary party.,UrduPoint News,https://www.news.google.com/./articles/CBMiX2h0dHBzOi8vd3d3LnVyZHVwb2ludC5jb20vZW4vcGFraXN0YW4vcG0taW1yYW4ta2hhbi1saWtlbHktdG8tdmlzaXQtbGFob3JlLXRvbW9ycm93LTU5MDQ5OS5odG1s0gFjaHR0cHM6Ly93d3cudXJkdXBvaW50LmNvbS9lbi9hbXAvcGFraXN0YW4vcG0taW1yYW4ta2hhbi1saWtlbHktdG8tdmlzaXQtbGFob3JlLXRvbW9ycm93LTU5MDQ5OS5odG1s?hl=en-PK&gl=PK&ceid=PK%3Aen
5 Reasons Imran Khan's US Visit Was a Win for Pakistan,"In Pakistan, Prime Minister Imran Khan's visit to the United States has already been termed a resounding success. The visit, which a few months ago was not ...",The Diplomat,https://www.news.google.com/./articles/CBMiWWh0dHBzOi8vdGhlZGlwbG9tYXQuY29tLzIwMTkvMDcvZml2ZS1yZWFzb25zLWltcmFuLWtoYW5zLXVzLXZpc2l0LXdhcy1hLXdpbi1mb3ItcGFraXN0YW4v0gEA?hl=en-PK&gl=PK&ceid=PK%3Aen
PM Khan to visit Lahore tomorrow,"LAHORE: Prime Minister Imran Khan will visit Lahore tomorrow (Friday), where he will chair the meeting of Punjab cabinet, ARY News reported on Thursday.",ARY NEWS,https://www.news.google.com/./articles/CAIiEIfrVFDl3TpS1B_NmDfdvxkqGQgEKhAIACoHCAowqYv-CjDFiooDMNS32QU?hl=en-PK&gl=PK&ceid=PK%3Aen
PM slams past rulers of Punjab over pollution,"ISLAMABAD: Launching Clean Green Pakistan Index (CGPI) as part of his government's efforts to curb pollution and reduce the impact of climate change, Prime ...",DAWN.com,https://www.news.google.com/./articles/CBMiIWh0dHBzOi8vd3d3LmRhd24uY29tL25ld3MvMTUxODg0MdIBJWh0dHBzOi8vd3d3LmRhd24uY29tL25ld3MvYW1wLzE1MTg4NDE?hl=en-PK&gl=PK&ceid=PK%3Aen
Kartarpur corridor: India pilgrims in historic visit to Pakistan temple,"A historic corridor to one of Sikhism's holiest shrines is now open, allowing Indian pilgrims rare visa-free access to the site in Pakistan. The Kartarpur corridor ...",BBC News,https://www.news.google.com/./articles/CBMiMmh0dHBzOi8vd3d3LmJiYy5jb20vbmV3cy93b3JsZC1hc2lhLWluZGlhLTUwMzQyMzE50gE2aHR0cHM6Ly93d3cuYmJjLmNvbS9uZXdzL2FtcC93b3JsZC1hc2lhLWluZGlhLTUwMzQyMzE5?hl=en-PK&gl=PK&ceid=PK%3Aen
Afghan President Ghani reaches Lahore,"LAHORE: Afghan President Ashraf Ghani, who is in Pakistan on a two-day visit, reached Lahore on Friday after spending the first day in the federal capital.",The Express Tribune,https://www.news.google.com/./articles/CBMiTWh0dHBzOi8vdHJpYnVuZS5jb20ucGsvc3RvcnkvMjAwMjEwOC8xLWFmZ2hhbi1wcmVzaWRlbnQtZ2hhbmktcmVhY2hlcy1sYWhvcmUv0gFNaHR0cHM6Ly90cmlidW5lLmNvbS5way9zdG9yeS8yMDAyMTA4LzEtYWZnaGFuLXByZXNpZGVudC1naGFuaS1yZWFjaGVzLWxhaG9yZS8?hl=en-PK&gl=PK&ceid=PK%3Aen
Pakistan Data Darbar: Bomber kills nine outside Sufi shrine in Lahore,"At least nine people have been killed in an explosion outside a major Sufi Muslim shrine in the Pakistani city of Lahore, officials said. Five police officers are ...",BBC News,https://www.news.google.com/./articles/CBMiLGh0dHBzOi8vd3d3LmJiYy5jb20vbmV3cy93b3JsZC1hc2lhLTQ4MTk3MjYw0gEwaHR0cHM6Ly93d3cuYmJjLmNvbS9uZXdzL2FtcC93b3JsZC1hc2lhLTQ4MTk3MjYw?hl=en-PK&gl=PK&ceid=PK%3Aen
Prime Minister (PM) Imran Khan to visit Lahore ahead of All Parties Conference (APC),Prime Minister (PM) Imran Khan will visit Lahore before All Parties Conference (APC).PM will pay visit to Lahore before Eid ul Fitr particularly before the (APC) ...,UrduPoint News,https://www.news.google.com/./articles/CBMiXGh0dHBzOi8vd3d3LnVyZHVwb2ludC5jb20vZW4vcGFraXN0YW4vcHJpbWUtbWluaXN0ZXItcG0taW1yYW4ta2hhbi10by12aXNpdC1sYWhvLTYzMDIwNy5odG1s0gFgaHR0cHM6Ly93d3cudXJkdXBvaW50LmNvbS9lbi9hbXAvcGFraXN0YW4vcHJpbWUtbWluaXN0ZXItcG0taW1yYW4ta2hhbi10by12aXNpdC1sYWhvLTYzMDIwNy5odG1s?hl=en-PK&gl=PK&ceid=PK%3Aen
Is Pakistan finally about to become tourism's next big thing?,“If dope is what you want then you are going to the right place – hash and grass can be found just about everywhere.” So said Lonely Planet of Pakistan in its first ...,The Telegraph,https://www.news.google.com/./articles/CAIiEBYxpP7mMXFWyqf0hlzOVPUqFwgEKg4IACoGCAowm6R6MMKqCTCy8LkF?hl=en-PK&gl=PK&ceid=PK%3Aen
Imran Khan visits Trump’s White House amid hopes for a reset in U.S.-Pakistan ties,"ISLAMABAD — When Pakistani Prime Minister Imran Khan arrives at the White House on Monday for his meeting with President Trump, the leaders are ...",The Washington Post,https://www.news.google.com/./articles/CAIiECEA01jlgWMlw-dJvddHFt8qGAgEKg8IACoHCAowjtSUCjC30XQwzqe5AQ?hl=en-PK&gl=PK&ceid=PK%3Aen
PM Imran to visit Lahore today,ISLAMABAD: Prime Minister (PM) Imran Khan to make his first official visit Punjab's capital Lahore today (Friday). 00:00 / 00:00. LIVE. An error occurred. Please ...,Daily Times,https://www.news.google.com/./articles/CBMiQGh0dHBzOi8vZGFpbHl0aW1lcy5jb20ucGsvMjkwODY3L3BtLWltcmFuLXRvLXZpc2l0LWxhaG9yZS10b2RheS_SAURodHRwczovL2RhaWx5dGltZXMuY29tLnBrLzI5MDg2Ny9wbS1pbXJhbi10by12aXNpdC1sYWhvcmUtdG9kYXkvYW1wLw?hl=en-PK&gl=PK&ceid=PK%3Aen
"Prince William and Kate to meet PM Imran, President Alvi on Oct 15","ISLAMABAD: Duke and Duchess of Cambridge, Prince William and Kate Middleton, will meet Prime Minister Imran Khan and President Arif Alvi on October 15, ...",Geo News,https://www.news.google.com/./articles/CBMiW2h0dHBzOi8vd3d3Lmdlby50di9sYXRlc3QvMjUwNzcxLXdpbGxpYW0tYW5kLWthdGUtdG8tbWVldC1wbS1pbXJhbi1wcmVzaWRlbnQtYWx2aS1vbi1vY3QtMTXSAVhodHRwczovL3d3dy5nZW8udHYvYW1wLzI1MDc3MS13aWxsaWFtLWFuZC1rYXRlLXRvLW1lZXQtcG0taW1yYW4tcHJlc2lkZW50LWFsdmktb24tb2N0LTE1?hl=en-PK&gl=PK&ceid=PK%3Aen
"Prime Minister Imran Khan to visit Saudi Arabia on Sept. 19, says Qureshi","ISLAMABAD: Prime Minister Imran Khan will be visiting Saudi Arabia on September 19, alongside foreign minister Shah Mahmood Qureshi, ahead of their trip to ...",Arab News,https://www.news.google.com/./articles/CBMiLmh0dHBzOi8vd3d3LmFyYWJuZXdzLmNvbS9ub2RlLzE1NTU3NzYvcGFraXN0YW7SAQA?hl=en-PK&gl=PK&ceid=PK%3Aen
Digital Pakistan vision & challenges,Abdul Rahman Malik. PAKISTAN is amongst such fortunate countries where youth population is 60% of the total population. This percentage of the regular users ...,Pakistan Observer,https://www.news.google.com/./articles/CBMiO2h0dHBzOi8vcGFrb2JzZXJ2ZXIubmV0L2RpZ2l0YWwtcGFraXN0YW4tdmlzaW9uLWNoYWxsZW5nZXMv0gEA?hl=en-PK&gl=PK&ceid=PK%3Aen
China assures unconditional support to Pakistan,"–Wang Qishan says Beijing will continue to support Pakistan despite shifting global landscape. –Pakistan, China sign MoU in ceremony witnessed by PM Imran ...",Pakistan Today,https://www.news.google.com/./articles/CBMiXGh0dHBzOi8vd3d3LnBha2lzdGFudG9kYXkuY29tLnBrLzIwMTkvMDUvMjYvY2hpbmEtYXNzdXJlcy11bmNvbmRpdGlvbmFsLXN1cHBvcnQtdG8tcGFraXN0YW4v0gFgaHR0cHM6Ly93d3cucGFraXN0YW50b2RheS5jb20ucGsvMjAxOS8wNS8yNi9jaGluYS1hc3N1cmVzLXVuY29uZGl0aW9uYWwtc3VwcG9ydC10by1wYWtpc3Rhbi9hbXAv?hl=en-PK&gl=PK&ceid=PK%3Aen
Imran Khan to visit Lahore for one-day,"LAHORE: Pakistan Tehreek-e-Insaf (PTI) chief Imran Khan will reach Lahore on Thursday for a one-day visit. During his visit, he will preside over various ...",Pakistan Today,https://www.news.google.com/./articles/CBMiU2h0dHBzOi8vd3d3LnBha2lzdGFudG9kYXkuY29tLnBrLzIwMTgvMDQvMTkvaW1yYW4ta2hhbi10by12aXNpdC1sYWhvcmUtZm9yLW9uZS1kYXkv0gFXaHR0cHM6Ly93d3cucGFraXN0YW50b2RheS5jb20ucGsvMjAxOC8wNC8xOS9pbXJhbi1raGFuLXRvLXZpc2l0LWxhaG9yZS1mb3Itb25lLWRheS9hbXAv?hl=en-PK&gl=PK&ceid=PK%3Aen
"Pakistan to continue diplomatic, moral support of Kashmiris: PM Imran",He said India has deprived innocent Kashmiris of their basic rights by imposing curfew in the Valley.,Dunya News,https://www.news.google.com/./articles/CBMia2h0dHBzOi8vZHVueWFuZXdzLnR2L2VuL1Bha2lzdGFuLzUxNTk2Ni1QYWtpc3Rhbi10by1jb250aW51ZS1kaXBsb21hdGljLW1vcmFsLXN1cHBvcnQtb2YtS2FzaG1pcmlzLVBNLUltcmFu0gEraHR0cHM6Ly9kdW55YW5ld3MudHYvYW1wL2VuZ2xpc2gvNTE1OTY2LnBocA?hl=en-PK&gl=PK&ceid=PK%3Aen
AP Exclusive: 629 Pakistani girls sold as brides to China,"LAHORE, Pakistan (AP) — Page after page, the names stack up: 629 girls and women from across Pakistan who were sold as brides to Chinese men and taken ...",Associated Press,https://www.news.google.com/./articles/CBMiM2h0dHBzOi8vYXBuZXdzLmNvbS9jNTg2ZDBmNzNmZTI0OTcxOGVjMDZmNjg2N2IwMjQ0ZdIBAA?hl=en-PK&gl=PK&ceid=PK%3Aen
CPEC project to help reinforce country’s economic development: PM,ISLAMABAD (APP) – Prime Minister Imran Khan Monday said the China Pakistan Economic Corridor (CPEC) was a flagship project of President Xi Jinping's Belt ...,Dunya News,https://www.news.google.com/./articles/CBMiZmh0dHBzOi8vZHVueWFuZXdzLnR2L2VuL1Bha2lzdGFuLzUyMDM3MS1DUEVDLXByb2plY3QtdG8taGVscC1yZWluZm9yY2UtY291bnRyeS1lY29ub21pYy1kZXZlbG9wbWVudC1QTdIBK2h0dHBzOi8vZHVueWFuZXdzLnR2L2FtcC9lbmdsaXNoLzUyMDM3MS5waHA?hl=en-PK&gl=PK&ceid=PK%3Aen
PM Imran presented proposals to attract remittances,LAHORE (Dunya News) – The proposals to attract overseas Pakistanis to send more remittances have been presented to Prime Minister Imran Khan.,DunyaNews Pakistan,https://www.news.google.com/./articles/CBMiXGh0dHBzOi8vZHVueWFuZXdzLnR2L2VuL1Bha2lzdGFuLzQ5MTIxMS1QTS1JbXJhbi1wcmVzZW50ZWQtcHJvcG9zYWxzLXRvLWF0dHJhY3QtcmVtaXR0YW5jZXMt0gEraHR0cHM6Ly9kdW55YW5ld3MudHYvYW1wL2VuZ2xpc2gvNDkxMjExLnBocA?hl=en-PK&gl=PK&ceid=PK%3Aen
Smog blamed on Indian farmers begins to hit Lahore,"Official says Pakistan has ""already taken adequate steps to prevent local contributions to smog"".",DAWN.com,https://www.news.google.com/./articles/CBMiIWh0dHBzOi8vd3d3LmRhd24uY29tL25ld3MvMTUxMzk1M9IBJWh0dHBzOi8vd3d3LmRhd24uY29tL25ld3MvYW1wLzE1MTM5NTM?hl=en-PK&gl=PK&ceid=PK%3Aen
PM Khan lays foundation stone of shelter home project in Lahore | SAMAA,Shelter home will provide a roof to 93 men and 27 women.,Samaa Digital,https://www.news.google.com/./articles/CBMiXWh0dHBzOi8vd3d3LnNhbWFhLnR2L25ld3MvMjAxOC8xMS9wbS1pbXJhbi1raGFuLXRvLWluYXVndXJhdGUtc2hlbHRlci1ob21lLXByb2plY3QtaW4tbGFob3JlL9IBAA?hl=en-PK&gl=PK&ceid=PK%3Aen
Professional grace,"Their smiles were infectious, their good humour untiring.",DAWN.com,https://www.news.google.com/./articles/CBMiIWh0dHBzOi8vd3d3LmRhd24uY29tL25ld3MvMTUxMjYzMNIBJWh0dHBzOi8vd3d3LmRhd24uY29tL25ld3MvYW1wLzE1MTI2MzA?hl=en-PK&gl=PK&ceid=PK%3Aen
"2 people killed, as many injured in firing incident at Lahore airport",Two people were killed while two others were injured in a firing incident at Lahore's Allama Iqbal International Airport on Wednesday. Deputy Inspector General ...,DAWN.com,https://www.news.google.com/./articles/CBMiIWh0dHBzOi8vd3d3LmRhd24uY29tL25ld3MvMTQ5MTg1M9IBAA?hl=en-PK&gl=PK&ceid=PK%3Aen
"After Sikh girl's forced conversion in Lahore, Amarinder urges Imran Khan to take action","India News: ""Shocking incident of a Sikh girl being kidnapped & forced to convert to Islam in Nankana Sahib, Pakistan. Call upon Imran Khan to take firm and i.",Times of India,https://www.news.google.com/./articles/CAIiEOFouQ5alQSs4v6P51M7iF8qGQgEKhAIACoHCAowzrL9CjDC7vQCMJmD1wU?hl=en-PK&gl=PK&ceid=PK%3Aen
Ticket prices for Pakistan-SL series announced - Newspaper,"LAHORE: The Pakistan Cricket Board (PCB) on Wednesday announced ticket prices for the upcoming ODI and T20 series between Pakistan and Sri Lanka, ...",DAWN.com,https://www.news.google.com/./articles/CBMiIWh0dHBzOi8vd3d3LmRhd24uY29tL25ld3MvMTUwNjAzNdIBAA?hl=en-PK&gl=PK&ceid=PK%3Aen
Pakistan train fire: Karachi to Rawalpindi service blaze kills dozens,At least 74 people have died after a train travelling between the Pakistani cities of Karachi and Rawalpindi caught fire in the middle of its journey. Railways ...,BBC News,https://www.news.google.com/./articles/CBMiLGh0dHBzOi8vd3d3LmJiYy5jb20vbmV3cy93b3JsZC1hc2lhLTUwMjQ1MDkw0gEwaHR0cHM6Ly93d3cuYmJjLmNvbS9uZXdzL2FtcC93b3JsZC1hc2lhLTUwMjQ1MDkw?hl=en-PK&gl=PK&ceid=PK%3Aen
Premier finds irony after govt asked to 'take responsibility' for Nawaz's health,ISLAMABAD: Days after an Islamabad High Court (IHC) bench asked the government to “take responsibility” for incarcerated former premier Nawaz Sharif's ...,Pakistan Today,https://www.news.google.com/./articles/CBMiemh0dHBzOi8vd3d3LnBha2lzdGFudG9kYXkuY29tLnBrLzIwMTkvMTAvMjgvcHJlbWllci1maW5kcy1pcm9ueS1hZnRlci1nb3Z0LWFza2VkLXRvLXRha2UtcmVzcG9uc2liaWxpdHktZm9yLW5hd2F6cy1oZWFsdGgv0gEA?hl=en-PK&gl=PK&ceid=PK%3Aen
British royal couple to visit northern Pakistan in ‘most complex tour yet’,"LONDON: The Duke and Duchess of Cambridge will be visiting Islamabad and Lahore as well as the northern areas during their upcoming visit to Pakistan, ...",DAWN.com,https://www.news.google.com/./articles/CBMiIWh0dHBzOi8vd3d3LmRhd24uY29tL25ld3MvMTUwOTI1M9IBJWh0dHBzOi8vd3d3LmRhd24uY29tL25ld3MvYW1wLzE1MDkyNTM?hl=en-PK&gl=PK&ceid=PK%3Aen
5 policemen martyred in explosion targeting Elite Force vehicle near Lahore's Data Darbar,At least five policemen were martyred in what officials described as a suicide bombing targeting an Elite Force van detailed to the security of the Data Darbar ...,DAWN.com,https://www.news.google.com/./articles/CBMiIWh0dHBzOi8vd3d3LmRhd24uY29tL25ld3MvMTQ4MTAwOdIBAA?hl=en-PK&gl=PK&ceid=PK%3Aen
Cabinet approves establishment of Naya Pakistan Housing Authority,"Cabinet approved construction of 1,35000 apartments under Naya Pakistan Housing Authority.",DunyaNews Pakistan,https://www.news.google.com/./articles/CBMiaWh0dHBzOi8vZHVueWFuZXdzLnR2L2VuL1Bha2lzdGFuLzQ4NjIwMS1DYWJpbmV0LWFwcHJvdmVzLWVzdGFibGlzaG1lbnQtb2YtTmF5YS1QYWtpc3Rhbi1Ib3VzaW5nLUF1dGhvcml0edIBK2h0dHBzOi8vZHVueWFuZXdzLnR2L2FtcC9lbmdsaXNoLzQ4NjIwMS5waHA?hl=en-PK&gl=PK&ceid=PK%3Aen
LHC allows Nawaz to travel abroad for 4 weeks; orders govt to remove name from ECL sans conditions,"The Lahore High Court on Saturday allowed former premier Nawaz Sharif to travel abroad for four weeks for medical treatment, saying the duration could be ...",DAWN.com,https://www.news.google.com/./articles/CBMiIWh0dHBzOi8vd3d3LmRhd24uY29tL25ld3MvMTUxNzA2ONIBJWh0dHBzOi8vd3d3LmRhd24uY29tL25ld3MvYW1wLzE1MTcwNjg?hl=en-PK&gl=PK&ceid=PK%3Aen
Gallup Survey: Punjab CM Usman Buzdar outperforms all other Chief Ministers,"LAHORE (Web Desk) - According to the latest survey conducted by Gallup Pakistan, CM Punjab Usman Buzdar has topped performance charts against Chief ...",Dunya News,https://www.news.google.com/./articles/CBMiZGh0dHBzOi8vZHVueWFuZXdzLnR2L2VuL1Bha2lzdGFuLzQ5MTgxOS1QdW5qYWItQ2hpZWYtTWluaXN0ZXItVXNtYW4tQnV6ZGFyLXBlcmZvcm1hbmNlLUdhbGx1cC1TdXJ2ZXnSAQA?hl=en-PK&gl=PK&ceid=PK%3Aen
PM Imran won't give NRO to anyone: Sh Rasheed,LAHOE (Dunya News) – Railways Minister Sheikh Rasheed Ahmad has said that Prime Minister Imran Khan would quit government but will not give National ...,DunyaNews Pakistan,https://www.news.google.com/./articles/CBMiU2h0dHBzOi8vZHVueWFuZXdzLnR2L2VuL1Bha2lzdGFuLzQ5MTIzMC1QTS1JbXJhbi13b250LWdpdmUtTlJPLXRvLWFueW9uZS1TaC1SYXNoZWVk0gEraHR0cHM6Ly9kdW55YW5ld3MudHYvYW1wL2VuZ2xpc2gvNDkxMjMwLnBocA?hl=en-PK&gl=PK&ceid=PK%3Aen
73 killed in Tezgam train inferno near Rahim Yar Khan: officials,"The death toll from a fire in three bogies of a Tezgam train near Liaquatpur city jumped to 73 around 1pm, while many remain under critical condition, Rahim Yar ...",DAWN.com,https://www.news.google.com/./articles/CBMiIWh0dHBzOi8vd3d3LmRhd24uY29tL25ld3MvMTUxNDAwMtIBJWh0dHBzOi8vd3d3LmRhd24uY29tL25ld3MvYW1wLzE1MTQwMDI?hl=en-PK&gl=PK&ceid=PK%3Aen
PM Imran Khan motivates students to pursue goal other than money,MIANWALI (Dunya News) – Prime Minister (PM) Imran Khan on Sunday addressed the students and other attendees at the Namal College s sixth convocation ...,DunyaNews Pakistan,https://www.news.google.com/./articles/CBMicGh0dHBzOi8vZHVueWFuZXdzLnR2L2VuL1Bha2lzdGFuLzQ3NjEwNi1QTS1JbXJhbi1LaGFuLXRvLWFkZHJlc3MtNnRoLWNvbnZvY2F0aW9uLW9mLU5hbWFsLUNvbGxlZ2UtaW4tTWlhbndhbGktdG_SAStodHRwczovL2R1bnlhbmV3cy50di9hbXAvZW5nbGlzaC80NzYxMDYucGhw?hl=en-PK&gl=PK&ceid=PK%3Aen
PM Imran to inaugurate Road to Makkah pilot project next week,Prime Minister Imran Khan will inaugurate Road to Makkah pilot project in Islamabad next week under which immigration for intending Hajj pilgrims will be ...,UrduPoint News,https://www.news.google.com/./articles/CBMiX2h0dHBzOi8vd3d3LnVyZHVwb2ludC5jb20vZW4vcGFraXN0YW4vcG0taW1yYW4tdG8taW5hdWd1cmF0ZS1yb2FkLXRvLW1ha2thaC1waWxvdC1wLTY1NTUwOC5odG1s0gFjaHR0cHM6Ly93d3cudXJkdXBvaW50LmNvbS9lbi9hbXAvcGFraXN0YW4vcG0taW1yYW4tdG8taW5hdWd1cmF0ZS1yb2FkLXRvLW1ha2thaC1waWxvdC1wLTY1NTUwOC5odG1s?hl=en-PK&gl=PK&ceid=PK%3Aen
Imran tells Qureshi and Tareen to behave,–PM bars PML-Q from issuing statements in favour of Punjab CM Buzdar. A day after Foreign Minister Shah Mehmood Qureshi and senior Pakistan ...,Pakistan Today,https://www.news.google.com/./articles/CBMib2h0dHBzOi8vd3d3LnBha2lzdGFudG9kYXkuY29tLnBrLzIwMTkvMDQvMDIvcG0tZGlyZWN0cy1wbWwtcS10by1zdG9wLWlzc3Vpbmctc3RhdGVtZW50cy1pbi1mYXZvdXItb2YtY20tYnV6ZGFyL9IBc2h0dHBzOi8vd3d3LnBha2lzdGFudG9kYXkuY29tLnBrLzIwMTkvMDQvMDIvcG0tZGlyZWN0cy1wbWwtcS10by1zdG9wLWlzc3Vpbmctc3RhdGVtZW50cy1pbi1mYXZvdXItb2YtY20tYnV6ZGFyL2FtcC8?hl=en-PK&gl=PK&ceid=PK%3Aen
Pakistani passport will be respected across world: PM Imran,PM also encouraged Overseas Pakistanis to send their remitttances through banking channels.,DunyaNews Pakistan,https://www.news.google.com/./articles/CBMiX2h0dHBzOi8vZHVueWFuZXdzLnR2L2VuL1Bha2lzdGFuLzQ3NjcxMy1CYWxhbmNlLW9mLXBheW1lbnQtY3Jpc2lzLWhhcy1ub3QtcmVzb2x2ZWQteWV0LVBNLUltcmFu0gEraHR0cHM6Ly9kdW55YW5ld3MudHYvYW1wL2VuZ2xpc2gvNDc2NzEzLnBocA?hl=en-PK&gl=PK&ceid=PK%3Aen
Security for royal couple finalised,LAHORE:Lahore police have finalised foolproof security plan for the protection of the couple of Royal family during their visit to the City on Thursday .They will ...,The News International,https://www.news.google.com/./articles/CBMiS2h0dHBzOi8vd3d3LnRoZW5ld3MuY29tLnBrL3ByaW50LzU0MjE3My1zZWN1cml0eS1mb3Itcm95YWwtY291cGxlLWZpbmFsaXNlZNIBSWh0dHBzOi8vd3d3LnRoZW5ld3MuY29tLnBrL2FtcC81NDIxNzMtc2VjdXJpdHktZm9yLXJveWFsLWNvdXBsZS1maW5hbGlzZWQ?hl=en-PK&gl=PK&ceid=PK%3Aen
"Pakistan’s own pollution causes smog, say experts",LAHORE: As Lahore's smog levels crossed 550 on the Air Quality Index — signified as hazardous — environmental experts and activists both express their ...,DAWN.com,https://www.news.google.com/./articles/CBMiIWh0dHBzOi8vd3d3LmRhd24uY29tL25ld3MvMTUxNDExNtIBJWh0dHBzOi8vd3d3LmRhd24uY29tL25ld3MvYW1wLzE1MTQxMTY?hl=en-PK&gl=PK&ceid=PK%3Aen
"Sikhs from India visit Kartarpur Sahib gurdwara in Pakistan, install golden palanquin","LAHORE: A large number of Sikh devotees from India have visited the Gurdwara Darbar Sahib in Pakistan and installed a golden palanquin at the shrine, days ...",Economic Times,https://www.news.google.com/./articles/CAIiEDZ4hjd9AdJpVqgV-p77K04qGQgEKhAIACoHCAow2pqGCzD954MDMPTVigY?hl=en-PK&gl=PK&ceid=PK%3Aen
Prince William and Kate Middleton pay visit to same Pakistani cancer hospital as Princess Diana,The Duke and Duchess of Cambridge showed off their cricketing skills while playing Pakistan's national sport in Lahore as they laughed while going into bat and ...,Daily Mail,https://www.news.google.com/./articles/CAIiEKgY6wDZ6xzFPQjhp2vjh-QqGQgEKhAIACoHCAowzuOICzCZ4ocDMKiaowY?hl=en-PK&gl=PK&ceid=PK%3Aen
"Gift from UAE: Lahore Zoo to receive 10 tigers, 8 lions next week","Adviser to Prime Minister on Climate Change, Malik Ameen Aslam, on Wednesday announced that eight lions and 10 tigers — a gift from the United Arab ...",DAWN.com,https://www.news.google.com/./articles/CBMiIWh0dHBzOi8vd3d3LmRhd24uY29tL25ld3MvMTQ3NjcxMdIBAA?hl=en-PK&gl=PK&ceid=PK%3Aen
'Aurat March' being held across cities to mark International Women's Day,"Women in large numbers as well as men are participating in the 'Aurat March' across Pakistan to mark International Women's Day, which is celebrated by the ...",DAWN.com,https://www.news.google.com/./articles/CBMiIWh0dHBzOi8vd3d3LmRhd24uY29tL25ld3MvMTQ2ODM1MNIBAA?hl=en-PK&gl=PK&ceid=PK%3Aen
Royal couple to visit Lahore on October 17 now,"According to details, the royal couple will now visit Lahore on October 17 inseatd of October 16, after their visit to Chitral and northern areas.",BOL News,https://www.news.google.com/./articles/CBMiWGh0dHBzOi8vd3d3LmJvbG5ld3MuY29tL3Bha2lzdGFuLzIwMTkvMTAvcm95YWwtY291cGxlLXRvLXZpc2l0LWxhaG9yZS1vbi1vY3RvYmVyLTE3LW5vdy_SAVxodHRwczovL3d3dy5ib2xuZXdzLmNvbS9wYWtpc3Rhbi8yMDE5LzEwL3JveWFsLWNvdXBsZS10by12aXNpdC1sYWhvcmUtb24tb2N0b2Jlci0xNy1ub3cvP2FtcA?hl=en-PK&gl=PK&ceid=PK%3Aen
Islamabad United prevail over Lahore Qalanders in PSL-4 opener,DUBAI (Dunya News) – Islamabad United kept their nerves after losing three early wickets in one over from Rahat Ali to register an impressive five-wicket victory ...,DunyaNews Pakistan,https://www.news.google.com/./articles/CBMiZWh0dHBzOi8vZHVueWFuZXdzLnR2L2VuL0NyaWNrZXQvNDc4NjAzLUlzbGFtYWJhZC1Vbml0ZWQtcHJldmFpbC1vdmVyLUxhaG9yZS1RYWxhbmRlcnMtaW4tUFNMLTQtb3BlbmVy0gEraHR0cHM6Ly9kdW55YW5ld3MudHYvYW1wL2VuZ2xpc2gvNDc4NjAzLnBocA?hl=en-PK&gl=PK&ceid=PK%3Aen
MQM-Pakistan is a party of decent people: Imran Khan,"Prime Minister lays the foundation of Hyderabad University, announced to establish another university in Sohawa Jehlum.",UrduPoint News,https://www.news.google.com/./articles/CBMiXmh0dHBzOi8vd3d3LnVyZHVwb2ludC5jb20vZW4vcGFraXN0YW4vbXFtLXBha2lzdGFuLWlzLWEtcGFydHktb2YtZGVjZW50LXBlb3BsZS1pbXItNTg2MTIxLmh0bWzSAWJodHRwczovL3d3dy51cmR1cG9pbnQuY29tL2VuL2FtcC9wYWtpc3Rhbi9tcW0tcGFraXN0YW4taXMtYS1wYXJ0eS1vZi1kZWNlbnQtcGVvcGxlLWltci01ODYxMjEuaHRtbA?hl=en-PK&gl=PK&ceid=PK%3Aen
"DIG Operations, other police officers transferred","LAHORE: The inspector general of police, Punjab, has started forming his team with the transfer of three senior officers, including DIG Operations, Lahore.",The News International,https://www.news.google.com/./articles/CBMiWGh0dHBzOi8vd3d3LnRoZW5ld3MuY29tLnBrL3ByaW50LzQ2NTQwNi1kaWctb3BlcmF0aW9ucy1vdGhlci1wb2xpY2Utb2ZmaWNlcnMtdHJhbnNmZXJyZWTSAVZodHRwczovL3d3dy50aGVuZXdzLmNvbS5way9hbXAvNDY1NDA2LWRpZy1vcGVyYXRpb25zLW90aGVyLXBvbGljZS1vZmZpY2Vycy10cmFuc2ZlcnJlZA?hl=en-PK&gl=PK&ceid=PK%3Aen
PTI to celebrate lifetime ban on Nawaz in Minar-e-Pakistan concert,LAHORE: Pakistan Tehreek-e-Insaf (PTI) decided on Saturday to woo voters and celebrate the lifetime disqualification of Nawaz Sharif through a musical ...,Pakistan Today,https://www.news.google.com/./articles/CBMib2h0dHBzOi8vd3d3LnBha2lzdGFudG9kYXkuY29tLnBrLzIwMTgvMDQvMTQvcHRpLXRvLWNlbGVicmF0ZS1saWZldGltZS1iYW4tb24tbmF3YXotaW4tbWluYXItZS1wYWtpc3Rhbi1jb25jZXJ0L9IBc2h0dHBzOi8vd3d3LnBha2lzdGFudG9kYXkuY29tLnBrLzIwMTgvMDQvMTQvcHRpLXRvLWNlbGVicmF0ZS1saWZldGltZS1iYW4tb24tbmF3YXotaW4tbWluYXItZS1wYWtpc3Rhbi1jb25jZXJ0L2FtcC8?hl=en-PK&gl=PK&ceid=PK%3Aen
International Squash Championship in Lahore: Gaining Pakistan's lost glory,"(Web Desk) – International Squash Championship is underway in Punjab Squash Complex in Lahore. Players from Egypt, Iran, Pakistan, and France are taking ...",DunyaNews Pakistan,https://www.news.google.com/./articles/CBMiamh0dHBzOi8vZHVueWFuZXdzLnR2L2VuL1Nwb3J0cy80NjIzNzItSW50ZXJuYXRpb25hbC1TcXVhc2gtQ2hhbXBpb25zaGlwLWluLUxhaG9yZS1pbi1QdW5qYWItU3F1YXNoLUNvbXBsZXjSAQA?hl=en-PK&gl=PK&ceid=PK%3Aen
Everything You Need to Know About Lahore Declaration of 1999 Amid Trump's Kashmir Mediation Claim,"On February 21, 1999, then Indian Prime Minister Atal Bihari Vajpayee and his Pakistani counterpart Nawaz Sharif signed the Lahore Declaration at the ...",News18,https://www.news.google.com/./articles/CAIiEOGt3tthCUyAjUVFP8aSbGEqGQgEKhAIACoHCAow5qqNCzD4q58DMPbXpwY?hl=en-PK&gl=PK&ceid=PK%3Aen
"Funds for poverty-stricken, blind people under Guzara allowance to be released",LAHORE (Dunya News) – The Punjab Government has decided to immediately disburse Guzara allowance – a monthly grant meant for the chronic poor – prior ...,DunyaNews Pakistan,https://www.news.google.com/./articles/CBMiZmh0dHBzOi8vZHVueWFuZXdzLnR2L2VuL1Bha2lzdGFuLzQ4NjE4NC1GdW5kcy1mb3ItcG92ZXJ0eS1zdHJpY2tlbi1ibGluZC1wZW9wbGUtdW5kZXItR3V6YXJhLWFsbG93YW5jZdIBK2h0dHBzOi8vZHVueWFuZXdzLnR2L2FtcC9lbmdsaXNoLzQ4NjE4NC5waHA?hl=en-PK&gl=PK&ceid=PK%3Aen
Chinese men lure Pakistani girls with marriage to traffic them,Illegal matchmaking mafia arranges marriages between Chinese men and poor Pakistani girls.,Gulf News,https://www.news.google.com/./articles/CAIiEDdxWAXB2bC1FaX_FDyWyFAqGAgEKg8IACoHCAowqbqfCTDvjG8wkJGxBg?hl=en-PK&gl=PK&ceid=PK%3Aen
Imran Khan to contest polls from three provinces,"PTI would have won general elections if polls were not rigged in 2013, claims spokesperson.",The Express Tribune,https://www.news.google.com/./articles/CBMiUGh0dHBzOi8vdHJpYnVuZS5jb20ucGsvc3RvcnkvMTY0NjI4MC8xLWltcmFuLWtoYW4tY29udGVzdC1wb2xscy10aHJlZS1wcm92aW5jZXMv0gFQaHR0cHM6Ly90cmlidW5lLmNvbS5way9zdG9yeS8xNjQ2MjgwLzEtaW1yYW4ta2hhbi1jb250ZXN0LXBvbGxzLXRocmVlLXByb3ZpbmNlcy8?hl=en-PK&gl=PK&ceid=PK%3Aen
PM Imran Khan launches Pakistan Citizen Portal,"Addressing the launching ceremony of the Pakistan Citizens' Portal (PCP) here at the PM Office, Prime Minister Imran Khan said it was one of the manifestations ...",The News International,https://www.news.google.com/./articles/CBMiXmh0dHBzOi8vd3d3LnRoZW5ld3MuY29tLnBrL2xhdGVzdC8zODY3MDMtcG0taW1yYW4ta2hhbi10by1sYXVuY2gtcGFraXN0YW4tY2l0aXplbi1wb3J0YWwtdG9kYXnSAVtodHRwczovL3d3dy50aGVuZXdzLmNvbS5way9hbXAvMzg2NzAzLXBtLWltcmFuLWtoYW4tdG8tbGF1bmNoLXBha2lzdGFuLWNpdGl6ZW4tcG9ydGFsLXRvZGF5?hl=en-PK&gl=PK&ceid=PK%3Aen
Basement Of Deewan-e-Aam In Lahore Fort Reveals,A basement of Deewan-e-Aaam has been discovered by the Walled City of Lahore Authority (WCLA) while preserving floor slabs of Deewan-e-Aam in the ...,UrduPoint News,https://www.news.google.com/./articles/CBMiX2h0dHBzOi8vd3d3LnVyZHVwb2ludC5jb20vZW4vcGFraXN0YW4vYmFzZW1lbnQtb2YtZGVld2FuLWUtYWFtLWluLWxhaG9yZS1mb3J0LXJldmVhLTc3NDk3NS5odG1s0gEA?hl=en-PK&gl=PK&ceid=PK%3Aen
Bilawal to visit Lahore tomorrow on a one-day tour,Pakistan People's Party (PPP) Chairman Bilawal Bhutto Zardari will reach Lahore tomorrow (Saturday) on a one-day tour and arrangements in this regard have ...,Daily Times,https://www.news.google.com/./articles/CBMiVGh0dHBzOi8vZGFpbHl0aW1lcy5jb20ucGsvMzQwNDY4L2JpbGF3YWwtdG8tdmlzaXQtbGFob3JlLXRvbW9ycm93LW9uLWEtb25lLWRheS10b3VyL9IBWGh0dHBzOi8vZGFpbHl0aW1lcy5jb20ucGsvMzQwNDY4L2JpbGF3YWwtdG8tdmlzaXQtbGFob3JlLXRvbW9ycm93LW9uLWEtb25lLWRheS10b3VyL2FtcC8?hl=en-PK&gl=PK&ceid=PK%3Aen
"Prince William, Kate Middleton arrive in Pakistan on 5-day tour","ISLAMABAD – Duke and Duchess of Cambridge, Prince William and Kate Middleton Monday arrived here to a red-carpet welcome on their first five-day visit to ...",Daily Pakistan Global,https://www.news.google.com/./articles/CBMiamh0dHBzOi8vZW4uZGFpbHlwYWtpc3Rhbi5jb20ucGsvMTQtT2N0LTIwMTkvcHJpbmNlLXdpbGxpYW0ta2F0ZS1taWRkbGV0b24tYXJyaXZlLWluLXBha2lzdGFuLW9uLTUtZGF5LXRvdXLSAXZodHRwczovL2VuLmRhaWx5cGFraXN0YW4uY29tLnBrLzE0LU9jdC0yMDE5L3ByaW5jZS13aWxsaWFtLWthdGUtbWlkZGxldG9uLWFycml2ZS1pbi1wYWtpc3Rhbi1vbi01LWRheS10b3VyP3ZlcnNpb249YW1w?hl=en-PK&gl=PK&ceid=PK%3Aen
Pak’s ‘Kashmir cell’ will drive global propaganda,Pakistan indicated on Saturday that it would press ahead with efforts to internationalise the issue and hit out at remarks by Indian defence minister Rajnath Singh ...,Hindustan Times,https://www.news.google.com/./articles/CAIiEDNdajihNAIkO_hTnJE8MF4qFggEKg4IACoGCAoww7k_MMevCDCm4QE?hl=en-PK&gl=PK&ceid=PK%3Aen
Gas cylinder explosion injures seven in Lahore,"LAHORE (Dunya News) – At least seven people were wounded when a gas cylinder exploded in a restaurant in Saddar area on Lahore on Friday, Dunya News ...",DunyaNews Pakistan,https://www.news.google.com/./articles/CBMiVmh0dHBzOi8vZHVueWFuZXdzLnR2L2VuL1Bha2lzdGFuLzQ3Njg5Ni1HYXMtY3lsaW5kZXItZXhwbG9zaW9uLWluanVyZXMtc2V2ZW4taW4tTGFob3Jl0gEraHR0cHM6Ly9kdW55YW5ld3MudHYvYW1wL2VuZ2xpc2gvNDc2ODk2LnBocA?hl=en-PK&gl=PK&ceid=PK%3Aen
Royal couple to get warm welcome in Lahore: Usman Buzdar,LAHORE: Punjab Chief Minister Usman Buzdar on Wednesday said a warm welcome would be accorded to Prince William and Kate Middleton when they arrive ...,The News International,https://www.news.google.com/./articles/CBMiaGh0dHBzOi8vd3d3LnRoZW5ld3MuY29tLnBrL2xhdGVzdC81NDIwMDYtYnJpdGlzaC1yb3lhbC1jb3VwbGUtdG8tZ2V0LXdhcm0td2VsY29tZS1pbi1sYWhvcmUtdXNtYW4tYnV6ZGFy0gFlaHR0cHM6Ly93d3cudGhlbmV3cy5jb20ucGsvYW1wLzU0MjAwNi1icml0aXNoLXJveWFsLWNvdXBsZS10by1nZXQtd2FybS13ZWxjb21lLWluLWxhaG9yZS11c21hbi1idXpkYXI?hl=en-PK&gl=PK&ceid=PK%3Aen
Petroleum prices likely to be decreased for December,ISLAMABAD: The Oil and Gas Regulatory Authority (OGRA) has proposed on Friday a decrease in petroleum prices to the federal government for the month of ...,Aaj News,https://www.news.google.com/./articles/CBMiWWh0dHBzOi8vd3d3LmFhai50di9lbmdsaXNoL25hdGlvbmFsL3BldHJvbGV1bS1wcmljZXMtbGlrZWx5LXRvLWJlLWRlY3JlYXNlZC1mb3ItZGVjZW1iZXIv0gFdaHR0cHM6Ly93d3cuYWFqLnR2L2VuZ2xpc2gvbmF0aW9uYWwvcGV0cm9sZXVtLXByaWNlcy1saWtlbHktdG8tYmUtZGVjcmVhc2VkLWZvci1kZWNlbWJlci9hbXAv?hl=en-PK&gl=PK&ceid=PK%3Aen
Video: PM Imran Khan gets red carpet welcome in Doha,The prime minister was received by Minister of State for Foreign Affairs Qatar Mr. Soltan bin Saad Al-Muraikhi upon arrival at Hamad International Airport.,The News International,https://www.news.google.com/./articles/CBMiXGh0dHBzOi8vd3d3LnRoZW5ld3MuY29tLnBrL2xhdGVzdC80MjE4NTMtdmlkZW8tcG0taW1yYW4ta2hhbi1nZXRzLXJlZC1jYXJwZXQtd2VsY29tZS1pbi1kb2hh0gFZaHR0cHM6Ly93d3cudGhlbmV3cy5jb20ucGsvYW1wLzQyMTg1My12aWRlby1wbS1pbXJhbi1raGFuLWdldHMtcmVkLWNhcnBldC13ZWxjb21lLWluLWRvaGE?hl=en-PK&gl=PK&ceid=PK%3Aen
"11 killed, 46 injured in bus accident on Peshawar-Islamabad motorway",At least 11 people were killed and 46 were injured on Thursday when a bus carrying passengers overturned near the Bahtar Interchange on the ...,DAWN.com,https://www.news.google.com/./articles/CBMiIWh0dHBzOi8vd3d3LmRhd24uY29tL25ld3MvMTQ5MzQ0MdIBAA?hl=en-PK&gl=PK&ceid=PK%3Aen
PM Imran praises Malaysian PM for support on Kashmir Issue,Prime Minister Imran Khan has appreciated his Malaysian counterpart Mahathir Mohammad's statements supporting just and durable solution of the Kashmir ...,SUCH TV,https://www.news.google.com/./articles/CBMicWh0dHBzOi8vd3d3LnN1Y2h0di5way9wYWtpc3Rhbi9nZW5lcmFsL2l0ZW0vOTA0MDgtcG0taW1yYW4tcHJhaXNlcy1tYWxheXNpYW4tcG0tZm9yLXN1cHBvcnQtb24ta2FzaG1pci1pc3N1ZS5odG1s0gEA?hl=en-PK&gl=PK&ceid=PK%3Aen
Pakistan elections 2018: All the latest updates,"Final results expected on Friday as Imran Khan's PTI emerges as largest party, but falls short of majority.",Al Jazeera English,https://www.news.google.com/./articles/CAIiEK7mOe8egBBdud6jNuhmJFYqFAgEKgwIACoFCAowhgIwkDgw0O8B?hl=en-PK&gl=PK&ceid=PK%3Aen
"In Pakistan, Kate Middleton Aces Fashion Diplomacy","So the Duke and Duchess of Cambridge (the British royal couple known more colloquially as William and Kate) have come to the end of their Pakistan tour, the ...",The New York Times,https://www.news.google.com/./articles/CAIiENZuN3UaTuYbXJnVS5O4E3cqFwgEKg8IACoHCAowjuuKAzCWrzwwl4UY?hl=en-PK&gl=PK&ceid=PK%3Aen
Lahore News completes two years of success,LAHORE (Dunya News) – A colorful ceremony to mark second anniversary of Lahore News was attended by Punjab Governor and other prominent personalities ...,DunyaNews Pakistan,https://www.news.google.com/./articles/CBMiUmh0dHBzOi8vZHVueWFuZXdzLnR2L2VuL1Bha2lzdGFuLzQ3Njg2Ni1MYWhvcmUtTmV3cy1jb21wbGV0ZXMtdHdvLXllYXJzLW9mLXN1Y2Nlc3PSAStodHRwczovL2R1bnlhbmV3cy50di9hbXAvZW5nbGlzaC80NzY4NjYucGhw?hl=en-PK&gl=PK&ceid=PK%3Aen
"PM Imran Khan to visit Peshawar, chair cabinet meeting | SAMAA",He will be given a briefing on the 100-day plan and what targets have been achieved.,Samaa Digital,https://www.news.google.com/./articles/CBMiWGh0dHBzOi8vd3d3LnNhbWFhLnR2L25ld3MvMjAxOC8xMi9wbS1pbXJhbi1raGFuLXRvLXZpc2l0LXBlc2hhd2FyLWNoYWlyLWNhYmluZXQtbWVldGluZy_SAQA?hl=en-PK&gl=PK&ceid=PK%3Aen
Brilliant Warner leads Aussies to T20 clean-sweep over SL,"MELBOURNE: Australia cruised past Sri Lanka to clean-sweep their three-match Twenty20 series here at the Melbourne Cricket Ground on Friday, with an ...",DAWN.com,https://www.news.google.com/./articles/CBMiIWh0dHBzOi8vd3d3LmRhd24uY29tL25ld3MvMTUxNDMwMNIBJWh0dHBzOi8vd3d3LmRhd24uY29tL25ld3MvYW1wLzE1MTQzMDA?hl=en-PK&gl=PK&ceid=PK%3Aen
Why Imran picked Buzdar?,"Interestingly, Buzdar was never the first choice for the CM slot but now PM wants his party and allies to support him while facing a serious dilemma as in 100 ...",The News International,https://www.news.google.com/./articles/CBMiP2h0dHBzOi8vd3d3LnRoZW5ld3MuY29tLnBrL3ByaW50LzQwMTg3My13aHktaW1yYW4tcGlja2VkLWJ1emRhctIBPWh0dHBzOi8vd3d3LnRoZW5ld3MuY29tLnBrL2FtcC80MDE4NzMtd2h5LWltcmFuLXBpY2tlZC1idXpkYXI?hl=en-PK&gl=PK&ceid=PK%3Aen
"Pakistan's economic progress to slow down, unemployment to increase: IMF",Pakistan's rate of inflation would surge to 7.6 percent.,DunyaNews Pakistan,https://www.news.google.com/./articles/CBMibGh0dHBzOi8vZHVueWFuZXdzLnR2L2VuL0J1c2luZXNzLzQ4NjI3Ni1QYWtpc3Rhbi1lY29ub21pYy1wcm9ncmVzcy10by1zbG93LWRvd24tdW5lbXBsb3ltZW50LXRvLWluY3JlYXNlLUlNRtIBK2h0dHBzOi8vZHVueWFuZXdzLnR2L2FtcC9lbmdsaXNoLzQ4NjI3Ni5waHA?hl=en-PK&gl=PK&ceid=PK%3Aen
Life-size sculpture of Ranjit Singh to be unveiled at Lahore Fort,LAHORE: A life-size sculpture of Maharaja Ranjit Singh will be unveiled on Thursday outside the Sikh Gallery at Lahore Fort on the eve of his 180th death ...,The Express Tribune,https://www.news.google.com/./articles/CBMiXWh0dHBzOi8vdHJpYnVuZS5jb20ucGsvc3RvcnkvMjAwMDUxMy8xLWxpZmUtc2l6ZS1zY3VscHR1cmUtcmFuaml0LXNpbmdoLXVudmVpbGVkLWxhaG9yZS1mb3J0L9IBXWh0dHBzOi8vdHJpYnVuZS5jb20ucGsvc3RvcnkvMjAwMDUxMy8xLWxpZmUtc2l6ZS1zY3VscHR1cmUtcmFuaml0LXNpbmdoLXVudmVpbGVkLWxhaG9yZS1mb3J0Lw?hl=en-PK&gl=PK&ceid=PK%3Aen
5 gurdwaras that could be made part of Kartarpur Corridor,Five Sikh shrines in Pakistani Punjab with historical links to Guru Nanak and the other gurus now lie forgotten.,DAWN.com,https://www.news.google.com/./articles/CBMiIWh0dHBzOi8vd3d3LmRhd24uY29tL25ld3MvMTQ1MTIwMtIBAA?hl=en-PK&gl=PK&ceid=PK%3Aen
Bangladesh women's cricket team to tour Pakistan in October: PCB,The Pakistan Cricket Board (PCB) on Friday announced the dates of upcoming matches between Bangladesh and Pakistan women's cricket teams that are to be ...,DAWN.com,https://www.news.google.com/./articles/CBMiIWh0dHBzOi8vd3d3LmRhd24uY29tL25ld3MvMTUwMjYwMNIBAA?hl=en-PK&gl=PK&ceid=PK%3Aen
Pakistan offers land to Sikh organisations to build 5-star hotels for Indian pilgrims,Here's what's happening across the border: Imran Khan says Pakistan won't fight imposed war on its soil anymore; World Economic Forum report claims water ...,ThePrint,https://www.news.google.com/./articles/CBMigAFodHRwczovL3RoZXByaW50LmluL2dvLXRvLXBha2lzdGFuL3Bha2lzdGFuLW9mZmVycy1sYW5kLXRvLXNpa2gtb3JnYW5pc2F0aW9ucy10by1idWlsZC01LXN0YXItaG90ZWxzLWZvci1pbmRpYW4tcGlsZ3JpbXMvMTU1MzIzL9IBhAFodHRwczovL3RoZXByaW50LmluL2dvLXRvLXBha2lzdGFuL3Bha2lzdGFuLW9mZmVycy1sYW5kLXRvLXNpa2gtb3JnYW5pc2F0aW9ucy10by1idWlsZC01LXN0YXItaG90ZWxzLWZvci1pbmRpYW4tcGlsZ3JpbXMvMTU1MzIzLz9hbXA?hl=en-PK&gl=PK&ceid=PK%3Aen
WCLA to launch guided tours of Taxali Gate,–Tourists to experience the essence of historic streets and bazaars of walled city. LAHORE: The Walled City of Lahore Authority (WCLA) will start guided tours of ...,Pakistan Today,https://www.news.google.com/./articles/CBMiV2h0dHBzOi8vd3d3LnBha2lzdGFudG9kYXkuY29tLnBrLzIwMTkvMDkvMjAvd2NsYS10by1sYXVuY2gtZ3VpZGVkLXRvdXJzLW9mLXRheGFsaS1nYXRlL9IBW2h0dHBzOi8vd3d3LnBha2lzdGFudG9kYXkuY29tLnBrLzIwMTkvMDkvMjAvd2NsYS10by1sYXVuY2gtZ3VpZGVkLXRvdXJzLW9mLXRheGFsaS1nYXRlL2FtcC8?hl=en-PK&gl=PK&ceid=PK%3Aen
Watch: Maryam Nawaz knocked on the head by a camera in Lahore,Journalists present outside Jinnah Hospital in Lahore have refused to name the cameraman whose camera hit Maryam Nawaz Sharif in the head while she was ...,Samaa Digital,https://www.news.google.com/./articles/CBMieGh0dHBzOi8vd3d3LnNhbWFhLnR2L3ZpZGVvLzIwMTkvMDIvd2F0Y2gtbWFyeWFtLW5hd2F6LWtub2NrZWQtb24tdGhlLWhlYWQtYnktYS1jYW1lcmEtb3V0c2lkZS1qaW5uYWgtaG9zcGl0YWwtaW4tbGFob3JlL9IBfGh0dHBzOi8vd3d3LnNhbWFhLnR2L3ZpZGVvLzIwMTkvMDIvd2F0Y2gtbWFyeWFtLW5hd2F6LWtub2NrZWQtb24tdGhlLWhlYWQtYnktYS1jYW1lcmEtb3V0c2lkZS1qaW5uYWgtaG9zcGl0YWwtaW4tbGFob3JlL2FtcC8?hl=en-PK&gl=PK&ceid=PK%3Aen
Prime Minister Imran Khan inaugurates homeless shelter in Peshawar | SAMAA,He is in the city on a one-day visit. The shelter home has separate facilities for women and persons with disabilities. The 105-bed shelter is equipped with the ...,Samaa Digital,https://www.news.google.com/./articles/CBMiZWh0dHBzOi8vd3d3LnNhbWFhLnR2L25ld3MvMjAxOC8xMi9wcmltZS1taW5pc3Rlci1pbXJhbi1raGFuLWluYXVndXJhdGVzLWhvbWVsZXNzLXNoZWx0ZXItaW4tcGVzaGF3YXIv0gEA?hl=en-PK&gl=PK&ceid=PK%3Aen
‘Abduction’ of rights activist challenged in high court,PESHAWAR: The alleged abduction of human rights defender and political activist Idrees Khattak was challenged in the Peshawar High Court by his brother ...,DAWN.com,https://www.news.google.com/./articles/CBMiIWh0dHBzOi8vd3d3LmRhd24uY29tL25ld3MvMTUxODQ1OdIBJWh0dHBzOi8vd3d3LmRhd24uY29tL25ld3MvYW1wLzE1MTg0NTk?hl=en-PK&gl=PK&ceid=PK%3Aen
Man with large quantity of heroin held in Swabi,"SWABI: In a joint operation, the excise intelligence and district police on Saturday arrested a smuggler and recovered 27 kilogrammes of heroin and eight ...",DAWN.com,https://www.news.google.com/./articles/CBMiUWh0dHBzOi8vd3d3LmRhd24uY29tL25ld3MvMTQ4NDYzMi9tYW4td2l0aC1sYXJnZS1xdWFudGl0eS1vZi1oZXJvaW4taGVsZC1pbi1zd2FiadIBAA?hl=en-PK&gl=PK&ceid=PK%3Aen
"Crown Prince Mohammad Bin Salman visit: Pakistan, Saudi Arabia to sign $20 billion agreements","Saudi Crown Prince Mohammad Bin Salman will stay at Prime Minister House. During the visit of Saudi Prince, Pakistan and Saudi Arabia will ink agreements ...",The News International,https://www.news.google.com/./articles/CBMigwFodHRwczovL3d3dy50aGVuZXdzLmNvbS5way9sYXRlc3QvNDMxMTk5LWNyb3duLXByaW5jZS1tb2hhbW1hZC1iaW4tc2FsbWFuLXZpc2l0LXBha2lzdGFuLXNhdWRpLWFyYWJpYS10by1zaWduLTIwLWJpbGxpb24tYWdyZWVtZW50c9IBgAFodHRwczovL3d3dy50aGVuZXdzLmNvbS5way9hbXAvNDMxMTk5LWNyb3duLXByaW5jZS1tb2hhbW1hZC1iaW4tc2FsbWFuLXZpc2l0LXBha2lzdGFuLXNhdWRpLWFyYWJpYS10by1zaWduLTIwLWJpbGxpb24tYWdyZWVtZW50cw?hl=en-PK&gl=PK&ceid=PK%3Aen
