title,description,link,source
Pakistan’s cash crops — Fruit production,Pakistan is climatically capable of growing fruits easily and in abundance. Evidence for the growth of fruit and vegetables in the subcontinent has been provided ...,Daily Times,https://www.news.google.com/./articles/CBMiR2h0dHBzOi8vZGFpbHl0aW1lcy5jb20ucGsvNjAzMjI4L3Bha2lzdGFucy1jYXNoLWNyb3BzLWZydWl0LXByb2R1Y3Rpb24v0gFLaHR0cHM6Ly9kYWlseXRpbWVzLmNvbS5way82MDMyMjgvcGFraXN0YW5zLWNhc2gtY3JvcHMtZnJ1aXQtcHJvZHVjdGlvbi9hbXAv?hl=en-PK&gl=PK&ceid=PK%3Aen
Agriculture varsity hosts first-ever banana festival in Hyderabad,"HYDERABAD: The first-ever banana festival at Sindh Agriculture University, Tando Jam, explored the potential for increasing the fruit's production and marketing ...",The Express Tribune,https://www.news.google.com/./articles/CBMibGh0dHBzOi8vdHJpYnVuZS5jb20ucGsvc3RvcnkvMjA3NDQ2MC8xLWFncmljdWx0dXJlLXZhcnNpdHktaG9zdHMtZmlyc3QtZXZlci1iYW5hbmEtZmVzdGl2YWwtaHlkZXJhYmFkLz9hbXA9MdIBbGh0dHBzOi8vdHJpYnVuZS5jb20ucGsvc3RvcnkvMjA3NDQ2MC8xLWFncmljdWx0dXJlLXZhcnNpdHktaG9zdHMtZmlyc3QtZXZlci1iYW5hbmEtZmVzdGl2YWwtaHlkZXJhYmFkLz9hbXA9MQ?hl=en-PK&gl=PK&ceid=PK%3Aen
Corona-update: Lockdown sparks harvest crises in Pakistan & India,"FreshPlaza, portal for the *fresh* produce industry, offering the latest news, job advertisements, pricewatching, and photo reports.",FreshPlaza.com,https://www.news.google.com/./articles/CBMiamh0dHBzOi8vd3d3LmZyZXNocGxhemEuY29tL2FydGljbGUvOTIwODAyNC9jb3JvbmEtdXBkYXRlLWxvY2tkb3duLXNwYXJrcy1oYXJ2ZXN0LWNyaXNlcy1pbi1wYWtpc3Rhbi1pbmRpYS_SAQA?hl=en-PK&gl=PK&ceid=PK%3Aen
"Pakistan producing 154,825 ton banana annually","Pakistan has produced 154,825 ton banana from 34,830 hectares per annum with major contribution coming from Sindh and the rest shared by other provinces ...",Pakistan Today,https://www.news.google.com/./articles/CBMiWmh0dHBzOi8vd3d3LnBha2lzdGFudG9kYXkuY29tLnBrLzIwMTYvMTIvMjcvcGFraXN0YW4tcHJvZHVjaW5nLTE1NDgyNS10b24tYmFuYW5hLWFubnVhbGx5L9IBXmh0dHBzOi8vd3d3LnBha2lzdGFudG9kYXkuY29tLnBrLzIwMTYvMTIvMjcvcGFraXN0YW4tcHJvZHVjaW5nLTE1NDgyNS10b24tYmFuYW5hLWFubnVhbGx5L2FtcC8?hl=en-PK&gl=PK&ceid=PK%3Aen
A Challenging Budget,Rank and file of the country keenly waiting for upcoming budget. This will be very important as well as challenging for the government of the day. Generally.,Modern Diplomacy,https://www.news.google.com/./articles/CBMiO2h0dHBzOi8vbW9kZXJuZGlwbG9tYWN5LmV1LzIwMjAvMDYvMTAvYS1jaGFsbGVuZ2luZy1idWRnZXQv0gEA?hl=en-PK&gl=PK&ceid=PK%3Aen
Water scarcity hits banana production in Sindh,"The shortage of irrigation water has hit the banana crops production in Sindh, which produces over 85 percent of this crop in Pakistan, with the fruit fetching a ...",UrduPoint News,https://www.news.google.com/./articles/CBMiYmh0dHBzOi8vd3d3LnVyZHVwb2ludC5jb20vZW4vYWdyaWN1bHR1cmUvd2F0ZXItc2NhcmNpdHktaGl0cy1iYW5hbmEtcHJvZHVjdGlvbi1pbi1zaW5kLTUyNjcxMi5odG1s0gFmaHR0cHM6Ly93d3cudXJkdXBvaW50LmNvbS9lbi9hbXAvYWdyaWN1bHR1cmUvd2F0ZXItc2NhcmNpdHktaGl0cy1iYW5hbmEtcHJvZHVjdGlvbi1pbi1zaW5kLTUyNjcxMi5odG1s?hl=en-PK&gl=PK&ceid=PK%3Aen
Banana cultivation expected to rise,LAHORE: Banana cultivation and exports are expected to increase after improvement in the marketing sector over the last four years. Farmers find banana ...,The Express Tribune,https://www.news.google.com/./articles/CBMiTmh0dHBzOi8vdHJpYnVuZS5jb20ucGsvc3RvcnkvMTE2NjM3L2JhbmFuYS1jdWx0aXZhdGlvbi1leHBlY3RlZC10by1yaXNlLz9hbXA9MdIBTmh0dHBzOi8vdHJpYnVuZS5jb20ucGsvc3RvcnkvMTE2NjM3L2JhbmFuYS1jdWx0aXZhdGlvbi1leHBlY3RlZC10by1yaXNlLz9hbXA9MQ?hl=en-PK&gl=PK&ceid=PK%3Aen
Water scarcity hits banana production,"HYDERABAD - The shortage of irrigation water has hit the banana crop's production in Sindh, which produces over 85 percent of this crop in Pakistan,",The Nation,https://www.news.google.com/./articles/CBMiR2h0dHBzOi8vbmF0aW9uLmNvbS5way8xMS1KYW4tMjAxOS93YXRlci1zY2FyY2l0eS1oaXRzLWJhbmFuYS1wcm9kdWN0aW9u0gFTaHR0cHM6Ly9uYXRpb24uY29tLnBrLzExLUphbi0yMDE5L3dhdGVyLXNjYXJjaXR5LWhpdHMtYmFuYW5hLXByb2R1Y3Rpb24_dmVyc2lvbj1hbXA?hl=en-PK&gl=PK&ceid=PK%3Aen
How to use overripe bananas in your beauty regimen,Here are a few ways to add bananas to your DIY skin and hair care recipes.,The Express Tribune,https://www.news.google.com/./articles/CBMiUmh0dHBzOi8vdHJpYnVuZS5jb20ucGsvc3RvcnkvMjIxMDYxNi8xMC11c2Utb3ZlcnJpcGUtYmFuYW5hcy1iZWF1dHktcmVnaW1lbi8_YW1wPTHSAVJodHRwczovL3RyaWJ1bmUuY29tLnBrL3N0b3J5LzIyMTA2MTYvMTAtdXNlLW92ZXJyaXBlLWJhbmFuYXMtYmVhdXR5LXJlZ2ltZW4vP2FtcD0x?hl=en-PK&gl=PK&ceid=PK%3Aen
"Banana in, sugar cane out - Newspaper - DAWN.COM",Banana prices remained on the lower side until recently because of larger supplies.,DAWN.com,https://www.news.google.com/./articles/CBMiIWh0dHBzOi8vd3d3LmRhd24uY29tL25ld3MvMTQ0MTk3MdIBAA?hl=en-PK&gl=PK&ceid=PK%3Aen
Cotton production falls - Pakistan - DAWN.COM,"Punjab suffers cotton production losses by up to 22.8pc, followed by Sindh with 16.3pc.",DAWN.com,https://www.news.google.com/./articles/CBMiIWh0dHBzOi8vd3d3LmRhd24uY29tL25ld3MvMTUzODIzOdIBAA?hl=en-PK&gl=PK&ceid=PK%3Aen
Problems of banana crop in Sindh areas,"BANANA ISthe gift of nature which is called by Allah in Quran as the fruit of paradise. Wonderfully sweet with firm and creamy flesh, bananas come prepackaged ...",Technology Times Pakistan,https://www.news.google.com/./articles/CBMiUWh0dHBzOi8vd3d3LnRlY2hub2xvZ3l0aW1lcy5way8yMDE0LzAzLzA4L3Byb2JsZW1zLW9mLWJhbmFuYS1jcm9wLWluLXNpbmRoLWFyZWFzL9IBAA?hl=en-PK&gl=PK&ceid=PK%3Aen
COVID-19: Food prices sky rocket in Pakistan during Ramadan,"ISLAMABAD. Prices of edible items, vegetables, fruit, gram flour and some pulses have gone up by 30 per cent-40 per cent with arrival of Ramadan in Pakistan.",Gulf News,https://www.news.google.com/./articles/CAIiECBoVQP3Mq0mtqZrcn7XQ1gqGAgEKg8IACoHCAowqbqfCTDvjG8wkJGxBg?hl=en-PK&gl=PK&ceid=PK%3Aen
Problems of post-harvest of fruit and vegetables in Pakistan,"Pakistan have a very fertile and variety of soil. It has variation in its soil and climatic conditions, which is very favourable for the production of fruits, vegetables, ...",Technology Times Pakistan,https://www.news.google.com/./articles/CBMiaWh0dHBzOi8vd3d3LnRlY2hub2xvZ3l0aW1lcy5way8yMDEzLzEyLzExL3Byb2JsZW1zLW9mLXBvc3QtaGFydmVzdC1vZi1mcnVpdC1hbmQtdmVnZXRhYmxlcy1pbi1wYWtpc3Rhbi0yL9IBAA?hl=en-PK&gl=PK&ceid=PK%3Aen
Papaya: A tree that can bear money for Sindh farmers,"HYDERABAD: It's true that money doesn't grow on trees but papaya cultivation, which is now gaining tremendous popularity in date-producing Khairpur district, ...",The News International,https://www.news.google.com/./articles/CBMiW2h0dHBzOi8vd3d3LnRoZW5ld3MuY29tLnBrL3ByaW50LzI1OTgxNi1wYXBheWEtYS10cmVlLXRoYXQtY2FuLWJlYXItbW9uZXktZm9yLXNpbmRoLWZhcm1lcnPSAVlodHRwczovL3d3dy50aGVuZXdzLmNvbS5way9hbXAvMjU5ODE2LXBhcGF5YS1hLXRyZWUtdGhhdC1jYW4tYmVhci1tb25leS1mb3Itc2luZGgtZmFybWVycw?hl=en-PK&gl=PK&ceid=PK%3Aen
Economists predicts food shortage if Coronavirus pandemic prolongs in Pakistan,Economists have warned government that if the Coronavirus pandemic prolongs will be impacted perishable food items.,Technology Times Pakistan,https://www.news.google.com/./articles/CBMiamh0dHBzOi8vd3d3LnRlY2hub2xvZ3l0aW1lcy5way8yMDIwLzA0LzAyL2Vjb25vbWlzdHMtZm9vZC1zaG9ydGFnZS1jb3JvbmF2aXJ1cy1wYW5kZW1pYy1wcm9sb25ncy1wYWtpc3Rhbi_SAQA?hl=en-PK&gl=PK&ceid=PK%3Aen
Sindh to have banana tissue culture lab soon,HYDERABAD: Sindh Enterprise Development Fund of Sindh Investment Board plans to establish a banana tissue culture laboratory in Karachi under its ...,The News International,https://www.news.google.com/./articles/CBMiVGh0dHBzOi8vd3d3LnRoZW5ld3MuY29tLnBrL3ByaW50LzEyMjEzNy1TaW5kaC10by1oYXZlLWJhbmFuYS10aXNzdWUtY3VsdHVyZS1sYWItc29vbtIBUmh0dHBzOi8vd3d3LnRoZW5ld3MuY29tLnBrL2FtcC8xMjIxMzctU2luZGgtdG8taGF2ZS1iYW5hbmEtdGlzc3VlLWN1bHR1cmUtbGFiLXNvb24?hl=en-PK&gl=PK&ceid=PK%3Aen
Tiddi Dal: Can Pakistan & India jointly combat the worst locust attack?,"Pakistan and India are expected to work together to 'fight a crop-killing desert locust invasion', which threatens food security for millions of people across the ...",Global Village space,https://www.news.google.com/./articles/CBMiZ2h0dHBzOi8vd3d3Lmdsb2JhbHZpbGxhZ2VzcGFjZS5jb20vdGlkZGktZGFsLWNhbi1wYWtpc3Rhbi1pbmRpYS1qb2ludGx5LWNvbWJhdC10aGUtd29yc3QtbG9jdXN0LWF0dGFjay_SAWtodHRwczovL3d3dy5nbG9iYWx2aWxsYWdlc3BhY2UuY29tL3RpZGRpLWRhbC1jYW4tcGFraXN0YW4taW5kaWEtam9pbnRseS1jb21iYXQtdGhlLXdvcnN0LWxvY3VzdC1hdHRhY2svP2FtcA?hl=en-PK&gl=PK&ceid=PK%3Aen
Fusarium disease: Researchers race to save bananas from extinction,A global threat is facing the production of Cavendish bananas following the outbreak of Fusarium disease (also known as Panama disease) and scientists are ...,FoodNavigator.com,https://www.news.google.com/./articles/CBMicmh0dHBzOi8vd3d3LmZvb2RuYXZpZ2F0b3IuY29tL0FydGljbGUvMjAxOS8xMC8yOC9GdXNhcml1bS1kaXNlYXNlLVJlc2VhcmNoZXJzLXJhY2UtdG8tc2F2ZS1iYW5hbmFzLWZyb20tZXh0aW5jdGlvbtIBAA?hl=en-PK&gl=PK&ceid=PK%3Aen
Climate change brings bananas to Korea,A changing climate in South Korea has allowed growers to experiment with tropical fruits.,Fruitnet,https://www.news.google.com/./articles/CBMiV2h0dHA6Ly93d3cuZnJ1aXRuZXQuY29tL2FzaWFmcnVpdC9hcnRpY2xlLzE4MTM4MS9jbGltYXRlLWNoYW5nZS1icmluZ3MtYmFuYW5hcy10by1rb3JlYdIBAA?hl=en-PK&gl=PK&ceid=PK%3Aen
2018: A year of loss for agriculture sector,"KARACHI: Agriculture sector witnessed some of the worst times in the outgoing year 2018, as input prices increased, while the country failed to meet production ...",The News International,https://www.news.google.com/./articles/CBMiUmh0dHBzOi8vd3d3LnRoZW5ld3MuY29tLnBrL3ByaW50LzQxMjExNC0yMDE4LWEteWVhci1vZi1sb3NzLWZvci1hZ3JpY3VsdHVyZS1zZWN0b3LSAVBodHRwczovL3d3dy50aGVuZXdzLmNvbS5way9hbXAvNDEyMTE0LTIwMTgtYS15ZWFyLW9mLWxvc3MtZm9yLWFncmljdWx0dXJlLXNlY3Rvcg?hl=en-PK&gl=PK&ceid=PK%3Aen
Outlook on the Global Edible Cutlery Industry to 2026 - Opportunity Analysis and Industry Forecast - ResearchAndMarkets.com,"DUBLIN--(BUSINESS WIRE)--The ""Edible Cutlery Market by Product, Raw Material and Application: Global Opportunity Analysis and Industry Forecast, ...",Business Wire,https://www.news.google.com/./articles/CBMiZmh0dHBzOi8vd3d3LmJ1c2luZXNzd2lyZS5jb20vbmV3cy9ob21lLzIwMjAwNjA5MDA1NDM2L2VuL091dGxvb2stR2xvYmFsLUVkaWJsZS1DdXRsZXJ5LUluZHVzdHJ5LTIwMjYtLdIBAA?hl=en-PK&gl=PK&ceid=PK%3Aen
First-ever plant tissue culture laboratory set up at AIOU,ISLAMABAD: A first-ever plant tissue culture laboratory has been set up at the Allama Iqbal Open University (AIOU) on Tuesday to promote the growth of banana ...,Pakistan Today,https://www.news.google.com/./articles/CBMiZmh0dHBzOi8vd3d3LnBha2lzdGFudG9kYXkuY29tLnBrLzIwMTcvMTAvMzEvZmlyc3QtZXZlci1wbGFudC10aXNzdWUtY3VsdHVyZS1sYWJvcmF0b3J5LXNldC11cC1hdC1haW91L9IBamh0dHBzOi8vd3d3LnBha2lzdGFudG9kYXkuY29tLnBrLzIwMTcvMTAvMzEvZmlyc3QtZXZlci1wbGFudC10aXNzdWUtY3VsdHVyZS1sYWJvcmF0b3J5LXNldC11cC1hdC1haW91L2FtcC8?hl=en-PK&gl=PK&ceid=PK%3Aen
Banana growers using organic fertiliser to get better yields,HYDERABAD: Banana growers have adopted new technology by utilising residue compost in making organic fertiliser to improve yields and regain soil fertility.,The News International,https://www.news.google.com/./articles/CBMiZGh0dHBzOi8vd3d3LnRoZW5ld3MuY29tLnBrL3ByaW50LzI2NTMyMy1iYW5hbmEtZ3Jvd2Vycy11c2luZy1vcmdhbmljLWZlcnRpbGlzZXItdG8tZ2V0LWJldHRlci15aWVsZHPSAWJodHRwczovL3d3dy50aGVuZXdzLmNvbS5way9hbXAvMjY1MzIzLWJhbmFuYS1ncm93ZXJzLXVzaW5nLW9yZ2FuaWMtZmVydGlsaXNlci10by1nZXQtYmV0dGVyLXlpZWxkcw?hl=en-PK&gl=PK&ceid=PK%3Aen
Alarm as devastating banana fungus reaches the Americas,The region produces most of the world's banana exports — and the fungus affects the most popular commercial variety.,Nature.com,https://www.news.google.com/./articles/CBMiMmh0dHBzOi8vd3d3Lm5hdHVyZS5jb20vYXJ0aWNsZXMvZDQxNTg2LTAxOS0wMjQ4OS010gEA?hl=en-PK&gl=PK&ceid=PK%3Aen
"After 99 per cent drop last year, banana export to Pakistan picks up","Tensions may remain high between India and Pakistan, but that has not affected the rising demand for Indian bananas in the neighbouring nation. Export of ...",The Indian Express,https://www.news.google.com/./articles/CBMidGh0dHBzOi8vaW5kaWFuZXhwcmVzcy5jb20vYXJ0aWNsZS9pbmRpYS9hZnRlci05OS1wZXItY2VudC1kcm9wLWxhc3QteWVhci1iYW5hbmEtZXhwb3J0LXRvLXBha2lzdGFuLXBpY2tzLXVwLTQ0MzExNjIv0gF5aHR0cHM6Ly9pbmRpYW5leHByZXNzLmNvbS9hcnRpY2xlL2luZGlhL2FmdGVyLTk5LXBlci1jZW50LWRyb3AtbGFzdC15ZWFyLWJhbmFuYS1leHBvcnQtdG8tcGFraXN0YW4tcGlja3MtdXAtNDQzMTE2Mi9saXRlLw?hl=en-PK&gl=PK&ceid=PK%3Aen
Punjab may face food shortages and price hikes in Ramazan,LAHORE: It is expected that the closure of Pakistan's borders with Iran and Afghanistan amid the mounting coronavirus threat may result in scarcity of several ...,The Express Tribune,https://www.news.google.com/./articles/CBMiYGh0dHBzOi8vdHJpYnVuZS5jb20ucGsvc3RvcnkvMjE5OTgwNS8xLXB1bmphYi1tYXktZmFjZS1mb29kLXNob3J0YWdlcy1wcmljZS1oaWtlcy1yYW1hemFuLz9hbXA9MdIBYGh0dHBzOi8vdHJpYnVuZS5jb20ucGsvc3RvcnkvMjE5OTgwNS8xLXB1bmphYi1tYXktZmFjZS1mb29kLXNob3J0YWdlcy1wcmljZS1oaWtlcy1yYW1hemFuLz9hbXA9MQ?hl=en-PK&gl=PK&ceid=PK%3Aen
Rising threat to crops from climate - Newspaper - DAWN.COM,"Climate change is severely affecting the banana, tomato, seasonal vegetable & fruit crops in Sindh due to a cold wave.",DAWN.com,https://www.news.google.com/./articles/CBMiIGh0dHA6Ly93d3cuZGF3bi5jb20vbmV3cy8xMDg0NTcz0gEA?hl=en-PK&gl=PK&ceid=PK%3Aen
The Last of Pakistan’s Cinema Artists,"Once designed to accompany the silver screen in a nation passionate about film, their work has moved to the domain of private art collections and upscale ...",VICE,https://www.news.google.com/./articles/CAIiEEp4I10Ae0sF8z_dlkT0MdAqFwgEKg4IACoGCAowis8wMLmCBjCfodQD?hl=en-PK&gl=PK&ceid=PK%3Aen
"Philippine Banana Exports Fall, Though Exports to China Now Recovering","Banana exports from the Philippines to China have suffered under the effects of the COVID-19 outbreak, but are gradually returning to normal.",Produce Report,https://www.news.google.com/./articles/CBMiaGh0dHBzOi8vd3d3LnByb2R1Y2VyZXBvcnQuY29tL2FydGljbGUvcGhpbGlwcGluZS1iYW5hbmEtZXhwb3J0cy1mYWxsLXRob3VnaC1leHBvcnRzLWNoaW5hLW5vdy1yZWNvdmVyaW5n0gEA?hl=en-PK&gl=PK&ceid=PK%3Aen
Sindh exempts agriculture supply chain from lockdown in view of Kharif season,"KARACHI: Keeping in view the demand for fertiliser, seed, and pesticides for the upcoming Kharif season , the Sindh government has decided to exempt the ...",The News International,https://www.news.google.com/./articles/CBMidWh0dHBzOi8vd3d3LnRoZW5ld3MuY29tLnBrL3ByaW50LzYzNDk2My1zaW5kaC1leGVtcHRzLWFncmljdWx0dXJlLXN1cHBseS1jaGFpbi1mcm9tLWxvY2tkb3duLWluLXZpZXctb2Yta2hhcmlmLXNlYXNvbtIBc2h0dHBzOi8vd3d3LnRoZW5ld3MuY29tLnBrL2FtcC82MzQ5NjMtc2luZGgtZXhlbXB0cy1hZ3JpY3VsdHVyZS1zdXBwbHktY2hhaW4tZnJvbS1sb2NrZG93bi1pbi12aWV3LW9mLWtoYXJpZi1zZWFzb24?hl=en-PK&gl=PK&ceid=PK%3Aen
Area under chilli crop up - Newspaper,"THE area under chilli cultivation in Sindh is likely to record a significant increase this year, as indicated by the near-completion of its sowing in the province.",DAWN.com,https://www.news.google.com/./articles/CBMiIGh0dHA6Ly93d3cuZGF3bi5jb20vbmV3cy8xMTgzOTc30gEA?hl=en-PK&gl=PK&ceid=PK%3Aen
Climate change may hit banana cultivation in India,"Climate change may lead to a significant decline in banana production in India, the world's largest cultivator and consumer of the crop, according to a study.",BusinessLine,https://www.news.google.com/./articles/CAIiEHZtbUD34A4w69quF-IlWmkqGQgEKhAIACoHCAownZiCCzDY7_4CMNTw8gU?hl=en-PK&gl=PK&ceid=PK%3Aen
Corona-update: King Philippe visits Port of Antwerp - port has remained 100% operational,"FreshPlaza, portal for the *fresh* produce industry, offering the latest news, job advertisements, pricewatching, and photo reports.",FreshPlaza.com,https://www.news.google.com/./articles/CBMigAFodHRwczovL3d3dy5mcmVzaHBsYXphLmNvbS9hcnRpY2xlLzkyMTE5MjMvY29yb25hLXVwZGF0ZS1raW5nLXBoaWxpcHBlLXZpc2l0cy1wb3J0LW9mLWFudHdlcnAtcG9ydC1oYXMtcmVtYWluZWQtMTAwLW9wZXJhdGlvbmFsL9IBAA?hl=en-PK&gl=PK&ceid=PK%3Aen
Mango production likely to go sour - Newspaper,"Farm owners believe that mangoes have started reaching markets, but they are not hopeful about a good crop this year.",DAWN.com,https://www.news.google.com/./articles/CBMiIWh0dHBzOi8vd3d3LmRhd24uY29tL25ld3MvMTQwNzQ1MdIBAA?hl=en-PK&gl=PK&ceid=PK%3Aen
Production and characterisation of protease for poultry feed industry,"Pakistan poultry industry is a huge investment of about 5 billion US$ with an annual growth rate of 10-12%. According to World Health Organization, the ...",The Nation,https://www.news.google.com/./articles/CBMiZ2h0dHBzOi8vbmF0aW9uLmNvbS5way8wOC1PY3QtMjAxOS9wcm9kdWN0aW9uLWFuZC1jaGFyYWN0ZXJpc2F0aW9uLW9mLXByb3RlYXNlLWZvci1wb3VsdHJ5LWZlZWQtaW5kdXN0cnnSAXNodHRwczovL25hdGlvbi5jb20ucGsvMDgtT2N0LTIwMTkvcHJvZHVjdGlvbi1hbmQtY2hhcmFjdGVyaXNhdGlvbi1vZi1wcm90ZWFzZS1mb3ItcG91bHRyeS1mZWVkLWluZHVzdHJ5P3ZlcnNpb249YW1w?hl=en-PK&gl=PK&ceid=PK%3Aen
The race to save the banana from extinction,"A deadly fungus threatens the planet's fourth most important crop with extinction, but a UK start-up thinks it may have the solution.",Telegraph.co.uk,https://www.news.google.com/./articles/CBMiTmh0dHBzOi8vd3d3LnRlbGVncmFwaC5jby51ay90ZWNobm9sb2d5LzIwMjAvMDMvMDEvcmFjZS1zYXZlLWJhbmFuYS1leHRpbmN0aW9uL9IBUmh0dHBzOi8vd3d3LnRlbGVncmFwaC5jby51ay90ZWNobm9sb2d5LzIwMjAvMDMvMDEvcmFjZS1zYXZlLWJhbmFuYS1leHRpbmN0aW9uL2FtcC8?hl=en-PK&gl=PK&ceid=PK%3Aen
Mangoes missing from the market - Newspaper - DAWN.COM,A mature crop of mangoes is yet to be fully available in the market amidst reports of substantial decline in production — mainly in sindhri variety — apparently ...,DAWN.com,https://www.news.google.com/./articles/CBMiIWh0dHBzOi8vd3d3LmRhd24uY29tL25ld3MvMTQ4NDczNNIBAA?hl=en-PK&gl=PK&ceid=PK%3Aen
Coastal women rebuild life by combating soil salinity,"HYDERABAD: Zarina, a peasant, looks at her precious fodder crops - jantar , barseem , and lucerne - standing on saline land in coastal village Anb Ratto near ...",The News International,https://www.news.google.com/./articles/CBMiXWh0dHBzOi8vd3d3LnRoZW5ld3MuY29tLnBrL3ByaW50LzYwNTA4Ni1jb2FzdGFsLXdvbWVuLXJlYnVpbGQtbGlmZS1ieS1jb21iYXRpbmctc29pbC1zYWxpbml0edIBW2h0dHBzOi8vd3d3LnRoZW5ld3MuY29tLnBrL2FtcC82MDUwODYtY29hc3RhbC13b21lbi1yZWJ1aWxkLWxpZmUtYnktY29tYmF0aW5nLXNvaWwtc2FsaW5pdHk?hl=en-PK&gl=PK&ceid=PK%3Aen
Iran sanctions impact banana trade,"On 5 November 2018, the US fully re-imposed the sanctions on Iran that had been lifted or waived as part of the Joint Comprehensive Plan of Action (JCPOA), ...",Fruitnet,https://www.news.google.com/./articles/CBMiU2h0dHA6Ly93d3cuZnJ1aXRuZXQuY29tL2V1cm9mcnVpdC9hcnRpY2xlLzE3OTUxMC9pcmFuLXNhbmN0aW9ucy1pbXBhY3QtYmFuYW5hLXRyYWRl0gEA?hl=en-PK&gl=PK&ceid=PK%3Aen
4 New Cambodian Banana Plantations Approved for Export to China,The General Administration of Customs of China (GACC) recently greenlit four new Cambodian plantations to export their bananas to the Chinese market.,Produce Report,https://www.news.google.com/./articles/CBMiXmh0dHBzOi8vd3d3LnByb2R1Y2VyZXBvcnQuY29tL2FydGljbGUvNC1uZXctY2FtYm9kaWFuLWJhbmFuYS1wbGFudGF0aW9ucy1hcHByb3ZlZC1leHBvcnQtY2hpbmHSAQA?hl=en-PK&gl=PK&ceid=PK%3Aen
Pakistan fruit exports grown by 4 percent in 11 months,"FreshPlaza, portal for the *fresh* produce industry, offering the latest news, job advertisements, pricewatching, and photo reports.",FreshPlaza.com,https://www.news.google.com/./articles/CBMiYmh0dHBzOi8vd3d3LmZyZXNocGxhemEuY29tL2FydGljbGUvOTEyNTQ1Mi9wYWtpc3Rhbi1mcnVpdC1leHBvcnRzLWdyb3duLWJ5LTQtcGVyY2VudC1pbi0xMS1tb250aHMv0gEA?hl=en-PK&gl=PK&ceid=PK%3Aen
Banana sector embracing sustainability,"Banana producers are increasing their use of voluntary sustainability standards (VSSs) in order to tackle the main sustainability challenges affecting the sector, ...",Fruitnet,https://www.news.google.com/./articles/CBMiV2h0dHA6Ly93d3cuZnJ1aXRuZXQuY29tL2V1cm9mcnVpdC9hcnRpY2xlLzE4MTkwNC9iYW5hbmEtc2VjdG9yLWVtYnJhY2luZy1zdXN0YWluYWJpbGl0edIBAA?hl=en-PK&gl=PK&ceid=PK%3Aen
Lockdown disrupts agri supply chains,"Large tracts of farmland in rural areas of lower Sindh are covered with the golden wheat crop, which is ready for harvest. Labour can be seen carrying wheat for ...",DAWN.com,https://www.news.google.com/./articles/CBMiRmh0dHBzOi8vd3d3LmRhd24uY29tL25ld3MvMTU0NDc5NS9sb2NrZG93bi1kaXNydXB0cy1hZ3JpLXN1cHBseS1jaGFpbnPSASVodHRwczovL3d3dy5kYXduLmNvbS9uZXdzL2FtcC8xNTQ0Nzk1?hl=en-PK&gl=PK&ceid=PK%3Aen
"Devastating banana disease may have reached Latin America, could drive up global prices","In a long-feared development, an extremely damaging banana disease has apparently reached Latin America. Late last week, the Colombian Agricultural ...",Science Magazine,https://www.news.google.com/./articles/CBMie2h0dHBzOi8vd3d3LnNjaWVuY2VtYWcub3JnL25ld3MvMjAxOS8wNy9kZXZhc3RhdGluZy1iYW5hbmEtZGlzZWFzZS1tYXktaGF2ZS1yZWFjaGVkLWxhdGluLWFtZXJpY2EtY291bGQtZHJpdmUtZ2xvYmFsLXByaWNlc9IBAA?hl=en-PK&gl=PK&ceid=PK%3Aen
Research centre to evolve standard protocol for export of Kerala banana variety by sea,An Mou was signed to export nendran bananas by sea from Kerala to Europe to cater to the ethnic Indian population there.,The Hindu,https://www.news.google.com/./articles/CAIiEP6cXF72UxfbMPpKFaywNgwqGQgEKhAIACoHCAowiYr-CjD1iIoDMPmG6gU?hl=en-PK&gl=PK&ceid=PK%3Aen
Concerns over Philippine banana supply,Growers group suggest Philippine banana exports could drop by 40 per cent this year due to Coronavirus impact.,Fruitnet,https://www.news.google.com/./articles/CBMiV2h0dHA6Ly93d3cuZnJ1aXRuZXQuY29tL2FzaWFmcnVpdC9hcnRpY2xlLzE4MTUwNC9jb25jZXJucy1vdmVyLXBoaWxpcHBpbmUtYmFuYW5hLXN1cHBsedIBAA?hl=en-PK&gl=PK&ceid=PK%3Aen
How Will The COVID-19 Pandemic Affect Global Food Supplies? Here's What We Know.,"The coronavirus has already sent the global economy into a tailspin, with tens of millions of people being put out of work, as factories from Wuhan to Bavaria to ...",Radio Free Europe/ Radio Liberty,https://www.news.google.com/./articles/CBMiYWh0dHBzOi8vd3d3LnJmZXJsLm9yZy9hL2hvdy13aWxsLXRoZS1jb3ZpZC0xOS1wYW5kZW1pYy1hZmZlY3QtZ2xvYmFsLWZvb2Qtc3VwcGxpZXMtLzMwNTQ0MzU5Lmh0bWzSAWNodHRwczovL3d3dy5yZmVybC5vcmcvYW1wL2hvdy13aWxsLXRoZS1jb3ZpZC0xOS1wYW5kZW1pYy1hZmZlY3QtZ2xvYmFsLWZvb2Qtc3VwcGxpZXMtLzMwNTQ0MzU5Lmh0bWw?hl=en-PK&gl=PK&ceid=PK%3Aen
Ukraine imports record number of bananas,A preliminary report released by analysts at the Ukrainian Horticultural Association (UHA) indicates that Ukraine imported a record number of bananas in 2019.,Fruitnet,https://www.news.google.com/./articles/CBMiWWh0dHA6Ly93d3cuZnJ1aXRuZXQuY29tL2V1cm9mcnVpdC9hcnRpY2xlLzE4MDU0Ni91a3JhaW5lLWltcG9ydHMtcmVjb3JkLW51bWJlci1vZi1iYW5hbmFz0gEA?hl=en-PK&gl=PK&ceid=PK%3Aen
AI tool shows promise as banana disease spreads,The Tumaini app can identify five banana diseases including the deadly fungus that has been detected in Latin America.,SciDev.Net,https://www.news.google.com/./articles/CBMiYmh0dHBzOi8vd3d3LnNjaWRldi5uZXQvZ2xvYmFsL2Zhcm1pbmcvbmV3cy9tb2JpbGUtYXBwLXNob3dzLXByb21pc2UtYXMtYmFuYW5hLWRpc2Vhc2Utc3ByZWFkcy5odG1s0gEA?hl=en-PK&gl=PK&ceid=PK%3Aen
Summer crops thrive on rainfalls with sparse damages,KARACHI: Summer crops managed to save their skin from white dryness owing to recent spell of rains that nonetheless blighted 2.3 percent of areas under ...,The News International,https://www.news.google.com/./articles/CBMiXGh0dHBzOi8vd3d3LnRoZW5ld3MuY29tLnBrL3ByaW50LzUyMzUyMi1zdW1tZXItY3JvcHMtdGhyaXZlLW9uLXJhaW5mYWxscy13aXRoLXNwYXJzZS1kYW1hZ2Vz0gFaaHR0cHM6Ly93d3cudGhlbmV3cy5jb20ucGsvYW1wLzUyMzUyMi1zdW1tZXItY3JvcHMtdGhyaXZlLW9uLXJhaW5mYWxscy13aXRoLXNwYXJzZS1kYW1hZ2Vz?hl=en-PK&gl=PK&ceid=PK%3Aen
Is foul play the new normal?,"You may have already seen the social media campaign '#payup', asking Kardashian sisters Kendall and Kylie Jenner to pay up their suppliers in Bangladesh.",The Daily Star,https://www.news.google.com/./articles/CBMiSGh0dHBzOi8vd3d3LnRoZWRhaWx5c3Rhci5uZXQvYnVzaW5lc3MvbmV3cy95b3Utc3VmZmVyLXdlLXN1cnZpdmUtMTkyMDczM9IBTGh0dHBzOi8vd3d3LnRoZWRhaWx5c3Rhci5uZXQvYnVzaW5lc3MvbmV3cy95b3Utc3VmZmVyLXdlLXN1cnZpdmUtMTkyMDczMz9hbXA?hl=en-PK&gl=PK&ceid=PK%3Aen
"Toxic chemicals lace fruits, vegetables",ISLAMABAD: Health experts have warned that chemicals used for ripening and preserving fruits and vegetables by shopkeepers are extremely hazardous for ...,The Express Tribune,https://www.news.google.com/./articles/CBMiTmh0dHBzOi8vdHJpYnVuZS5jb20ucGsvc3RvcnkvMTU0NTU0MC8xLXRveGljLWNoZW1pY2Fscy1sYWNlLWZydWl0cy12ZWdldGFibGVzL9IBAA?hl=en-PK&gl=PK&ceid=PK%3Aen
Maersk extends cold chain to Pakistan,Pakistani citrus exporters will now have access to the carrier's end-to-end cold chain *service*.,Fruitnet,https://www.news.google.com/./articles/CBMiVmh0dHA6Ly93d3cuZnJ1aXRuZXQuY29tL2FzaWFmcnVpdC9hcnRpY2xlLzE4MTg5NS9tYWVyc2stZXh0ZW5kcy1jb2xkLWNoYWluLXRvLXBha2lzdGFu0gEA?hl=en-PK&gl=PK&ceid=PK%3Aen
Climate change may cause decline in India's banana cultivation: Study,India News: Climate change may lead to a significant decline in banana production in India - the world's largest cultivator and consumer of the crop. It suggests.,Times of India,https://www.news.google.com/./articles/CAIiEKLxllVYtPxOqeXd2-25xh8qGQgEKhAIACoHCAowzrL9CjDC7vQCMJmD1wU?hl=en-PK&gl=PK&ceid=PK%3Aen
Can Crops' Wild Relatives Save Troubled Agriculture?,"Cultivating a limited number of crops reduced the genetic diversity of plants, endangering harvests. Seed collectors hope to fix it by finding the plants' wild ...",JSTOR Daily,https://www.news.google.com/./articles/CBMiS2h0dHBzOi8vZGFpbHkuanN0b3Iub3JnL2Nhbi1jcm9wcy13aWxkLXJlbGF0aXZlcy1zYXZlLXRyb3VibGVkLWFncmljdWx0dXJlL9IBAA?hl=en-PK&gl=PK&ceid=PK%3Aen
Pakistan’s tomato crops — is a crisis looming?,"Pakistan is under threat of an alien insect pest, called the Tutaabsoluta or the South American Tomato Leaf Minor, which is an invasive virus that can prove to be ...",Daily Times,https://www.news.google.com/./articles/CBMiTGh0dHBzOi8vZGFpbHl0aW1lcy5jb20ucGsvMjY3MjE4L3Bha2lzdGFucy10b21hdG8tY3JvcHMtaXMtYS1jcmlzaXMtbG9vbWluZy_SAVBodHRwczovL2RhaWx5dGltZXMuY29tLnBrLzI2NzIxOC9wYWtpc3RhbnMtdG9tYXRvLWNyb3BzLWlzLWEtY3Jpc2lzLWxvb21pbmcvYW1wLw?hl=en-PK&gl=PK&ceid=PK%3Aen
Sharp price changes slicing onion off cultivation list in Sindh,"HYDERABAD: Despite onion's commercial importance, farmers in different areas of Sindh province are not willing to cultivate the edible bulb fearing a price ...",The News International,https://www.news.google.com/./articles/CBMiZ2h0dHBzOi8vd3d3LnRoZW5ld3MuY29tLnBrL3ByaW50LzIzNDI3NC1TaGFycC1wcmljZS1jaGFuZ2VzLXNsaWNpbmctb25pb24tb2ZmLWN1bHRpdmF0aW9uLWxpc3QtaW4tU2luZGjSAWVodHRwczovL3d3dy50aGVuZXdzLmNvbS5way9hbXAvMjM0Mjc0LVNoYXJwLXByaWNlLWNoYW5nZXMtc2xpY2luZy1vbmlvbi1vZmYtY3VsdGl2YXRpb24tbGlzdC1pbi1TaW5kaA?hl=en-PK&gl=PK&ceid=PK%3Aen
Tesco backs TR4 action plan,Supermarket signs GlobalGAP initiative aimed at encouraging good biosecurity practices in banana production.,Fruitnet,https://www.news.google.com/./articles/CBMiRmh0dHA6Ly93d3cuZnJ1aXRuZXQuY29tL2Zwai9hcnRpY2xlLzE4MTcyNy90ZXNjby1iYWNrcy10cjQtYWN0aW9uLXBsYW7SAQA?hl=en-PK&gl=PK&ceid=PK%3Aen
Ecuadorean banana exports rise,Shipments up 6.5 per cent for the first four months of 2020 but sector faces major liquidity threat.,Fruitnet,https://www.news.google.com/./articles/CBMiT2h0dHA6Ly93d3cuZnJ1aXRuZXQuY29tL2V1cm9mcnVpdC9hcnRpY2xlLzE4MTg3NS9lY3VhZG9yZWFuLWJhbmFuYS1leHBvcnRzLXJpc2XSAQA?hl=en-PK&gl=PK&ceid=PK%3Aen
Guadeloupe bananas near organic status,Producers on the French West Indian island of Guadeloupe expect to commercialise organically certified bananas in 2020.,Fruitnet,https://www.news.google.com/./articles/CBMiU2h0dHA6Ly93d3cuZnJ1aXRuZXQuY29tL2V1cm9mcnVpdC9hcnRpY2xlLzE3OTk4MS9mcmVuY2gtYmFuYW5hcy1uZWFyLW9yZ2FuaWMtc3RhdHVz0gEA?hl=en-PK&gl=PK&ceid=PK%3Aen
Chiquita picks banana sticker winners,Chiquita announces 14 winners of its global banana-sticker-design competition 'Fuel the Fun',Fruitnet,https://www.news.google.com/./articles/CBMiVGh0dHA6Ly93d3cuZnJ1aXRuZXQuY29tL2V1cm9mcnVpdC9hcnRpY2xlLzE4MDk3OS9jaGlxdWl0YS1waWNrcy1mdWVsLXRoZS1mdW4td2lubmVyc9IBAA?hl=en-PK&gl=PK&ceid=PK%3Aen
Promising start for Philippine banana exports,"Philippine banana exports for the first quarter of 2020 grew by 10.71 per cent to 1.18m tonnes, up from 1.06m tonnes compared to the first quarter of 2019.",Fruitnet,https://www.news.google.com/./articles/CBMiYWh0dHA6Ly93d3cuZnJ1aXRuZXQuY29tL2FtZXJpY2FmcnVpdC9hcnRpY2xlLzE4MTc2My9wcm9taXNpbmctc3RhcnQtZm9yLXBoaWxpcHBpbmUtYmFuYW5hLWV4cG9ydHPSAQA?hl=en-PK&gl=PK&ceid=PK%3Aen
Coronavirus: industry response,Asiafruit rounds up what impact the coronavirus pandemic has had on *fresh* produce trade across Asia to-date.,Fruitnet,https://www.news.google.com/./articles/CBMiTmh0dHA6Ly93d3cuZnJ1aXRuZXQuY29tL2FzaWFmcnVpdC9hcnRpY2xlLzE4MTQ0Ny9jb3JvbmF2aXJ1cy1pbmR1c3RyeS1yZXNwb25zZdIBAA?hl=en-PK&gl=PK&ceid=PK%3Aen
Average UK prices for Costa Rica bananas stationary at £0.89,"FreshPlaza, portal for the *fresh* produce industry, offering the latest news, job advertisements, pricewatching, and photo reports.",FreshPlaza.com,https://www.news.google.com/./articles/CBMiaWh0dHBzOi8vd3d3LmZyZXNocGxhemEuY29tL2FydGljbGUvOTIxMDE2Ny9hdmVyYWdlLXVrLXByaWNlcy1mb3ItY29zdGEtcmljYS1iYW5hbmFzLXN0YXRpb25hcnktYXQtcHMwLTg5L9IBAA?hl=en-PK&gl=PK&ceid=PK%3Aen
Banana : health benefits,"After reading this, you'll never look at a banana in the same way again. Bananas contain three natural sugars – sucrose, fructose and glucose combined with ...",Pakistan Today,https://www.news.google.com/./articles/CBMiQ2h0dHBzOi8vd3d3LnBha2lzdGFudG9kYXkuY29tLnBrLzIwMTQvMDcvMTIvYmFuYW5hLWhlYWx0aC1iZW5lZml0cy_SAUdodHRwczovL3d3dy5wYWtpc3RhbnRvZGF5LmNvbS5way8yMDE0LzA3LzEyL2JhbmFuYS1oZWFsdGgtYmVuZWZpdHMvYW1wLw?hl=en-PK&gl=PK&ceid=PK%3Aen
EU reaffirms banana price assurance,The European Commission has confirmed that it will not reduce tariffs on banana imports from third countries from the current level of €75 per tonne in order to ...,Fruitnet,https://www.news.google.com/./articles/CBMiVGh0dHA6Ly93d3cuZnJ1aXRuZXQuY29tL2V1cm9mcnVpdC9hcnRpY2xlLzE4MDk3NS9ldS1yZWFmZmlybXMtYmFuYW5hLXByaWNlLWFzc3VyYW5jZdIBAA?hl=en-PK&gl=PK&ceid=PK%3Aen
AI fights banana disease,The future of disease and pest control for banana growers could lie in artificial intelligence.,Fruitnet,https://www.news.google.com/./articles/CBMiSWh0dHA6Ly93d3cuZnJ1aXRuZXQuY29tL2FzaWFmcnVpdC9hcnRpY2xlLzE3OTQ2NS9haS1maWdodHMtYmFuYW5hLWRpc2Vhc2XSAQA?hl=en-PK&gl=PK&ceid=PK%3Aen
Corona update: French Minister asks EU to support fruit and veg producers,"In the latest news of another Corona-centric week, French Minister of Agriculture Didier Guillaume has asked the EU to support his nation's fruit and vegetable ...",hortidaily.com,https://www.news.google.com/./articles/CBMidGh0dHBzOi8vd3d3LmhvcnRpZGFpbHkuY29tL2FydGljbGUvOTIwOTM4NS9jb3JvbmEtdXBkYXRlLWZyZW5jaC1taW5pc3Rlci1hc2tzLWV1LXRvLXN1cHBvcnQtZnJ1aXQtYW5kLXZlZy1wcm9kdWNlcnMv0gEA?hl=en-PK&gl=PK&ceid=PK%3Aen
Tesco guards against TR4 with new banana checks,Tesco has become the first UK retailer to require its banana suppliers to be assessed by the GlobalGAP TR4 biosecurity add-on following formal confirmation of ...,Fruitnet,https://www.news.google.com/./articles/CBMiWmh0dHA6Ly93d3cuZnJ1aXRuZXQuY29tL2Zwai9hcnRpY2xlLzE4MDEyOC90ZXNjby1ndWFyZHMtYWdhaW5zdC10cjQtd2l0aC1uZXctYmFuYW5hLWNoZWNrc9IBAA?hl=en-PK&gl=PK&ceid=PK%3Aen
"In terms of exports, guava holds potential to become orange","HYDERABAD: Guava, which is popular across the country for its unique fragrance and taste, is gaining momentum in terms of cultivation in Sindh province.",The News International,https://www.news.google.com/./articles/CBMiYmh0dHBzOi8vd3d3LnRoZW5ld3MuY29tLnBrL3ByaW50LzI3MTY2MC1pbi10ZXJtcy1vZi1leHBvcnRzLWd1YXZhLWhvbGRzLXBvdGVudGlhbC10by1iZWNvbWUtb3Jhbmdl0gFgaHR0cHM6Ly93d3cudGhlbmV3cy5jb20ucGsvYW1wLzI3MTY2MC1pbi10ZXJtcy1vZi1leHBvcnRzLWd1YXZhLWhvbGRzLXBvdGVudGlhbC10by1iZWNvbWUtb3Jhbmdl?hl=en-PK&gl=PK&ceid=PK%3Aen
Direct access helping Cambodian bananas,"Since gaining the ability to directly export its bananas to China, Cambodia's exports to the country have surged.",Fruitnet,https://www.news.google.com/./articles/CBMiWGh0dHA6Ly93d3cuZnJ1aXRuZXQuY29tL2FzaWFmcnVpdC9hcnRpY2xlLzE4MDI5NC9kaXJlY3QtYWNjZXNzLWhlbHBpbmctY2FtYm9kaWFuLWJhbmFuYXPSAQA?hl=en-PK&gl=PK&ceid=PK%3Aen
Jam making ; a profitable and easy business,Jam making is a profitable business as one can initiate this on a small scale with low capital investment. Now a day's food processing industry.,Technology Times Pakistan,https://www.news.google.com/./articles/CBMiR2h0dHBzOi8vd3d3LnRlY2hub2xvZ3l0aW1lcy5way8yMDE5LzAzLzI2L2phbS1wcm9maXRhYmxlLWVhc3ktYnVzaW5lc3Mv0gEA?hl=en-PK&gl=PK&ceid=PK%3Aen
Project to step up fruit production on the cards,"In a major initiative aimed at stepping up fruit production in Kerala, the State government is planning to supply one crore saplings to farmers from June.",The Hindu,https://www.news.google.com/./articles/CBMicmh0dHBzOi8vd3d3LnRoZWhpbmR1LmNvbS9uZXdzL25hdGlvbmFsL2tlcmFsYS9wcm9qZWN0LXRvLXN0ZXAtdXAtZnJ1aXQtcHJvZHVjdGlvbi1vbi10aGUtY2FyZHMvYXJ0aWNsZTMxNjk3NjIzLmVjZdIBd2h0dHBzOi8vd3d3LnRoZWhpbmR1LmNvbS9uZXdzL25hdGlvbmFsL2tlcmFsYS9wcm9qZWN0LXRvLXN0ZXAtdXAtZnJ1aXQtcHJvZHVjdGlvbi1vbi10aGUtY2FyZHMvYXJ0aWNsZTMxNjk3NjIzLmVjZS9hbXAv?hl=en-PK&gl=PK&ceid=PK%3Aen
Why are bananas dying and what are we going to do about it?,"In the 1950s the Gros Michel banana was wiped out by the fungus TR1. Now a new strain, TR4, is threatening to destroy the near-universal Cavendish.",The Grocer,https://www.news.google.com/./articles/CBMibmh0dHBzOi8vd3d3LnRoZWdyb2Nlci5jby51ay9zb3VyY2luZy93aHktYXJlLWJhbmFuYXMtZHlpbmctYW5kLXdoYXQtYXJlLXdlLWdvaW5nLXRvLWRvLWFib3V0LWl0LzU5MzgxNS5hcnRpY2xl0gEA?hl=en-PK&gl=PK&ceid=PK%3Aen
WATCH: Khushi Kapoor subtly rejects sister Janhvi Kapoor's banana with toffee sauce and it's hilarious,Janhvi Kapoor shared a video in which sister Khushi Kapoor is seen subtly rejecting the dish that she made. While her reaction shows that the banana with ...,India TV News,https://www.news.google.com/./articles/CAIiEKCXb_48GmKxn0BvBjtD7ykqGQgEKhAIACoHCAowoPX9CjDmofYCMPnF3AU?hl=en-PK&gl=PK&ceid=PK%3Aen
New field test detects banana fungus faster than ever,A new field test developed by Wageningen University & Research (WUR) for detecting Tropical Race 4 (TR4) – the Fusarium strain that causes the much-feared ...,Phys.Org,https://www.news.google.com/./articles/CBMiPWh0dHBzOi8vcGh5cy5vcmcvbmV3cy8yMDE5LTEwLWZpZWxkLWJhbmFuYS1mdW5ndXMtZmFzdGVyLmh0bWzSATxodHRwczovL3BoeXMub3JnL25ld3MvMjAxOS0xMC1maWVsZC1iYW5hbmEtZnVuZ3VzLWZhc3Rlci5hbXA?hl=en-PK&gl=PK&ceid=PK%3Aen
Delhaize launches CO2-neutral bananas,"Belgian retailer Delhaize has said that it has acheived a European first in offering 100 per cent CO2-neutral bananas, as part of its wider mission to become a ...",Fruitnet,https://www.news.google.com/./articles/CBMiVWh0dHA6Ly93d3cuZnJ1aXRuZXQuY29tL2V1cm9mcnVpdC9hcnRpY2xlLzE4MDY3NC9kZWxoYWl6ZS1sYXVuY2hlcy1jbzItbmV1dHJhbC1iYW5hbmHSAQA?hl=en-PK&gl=PK&ceid=PK%3Aen
"Banana Prices Reach Peak for 2019, Likely to Weaken in Future","In early September, the average price of premium bananas across the country increased to 4.10 Chinese yuan per kilogram, a record high for 2019. Meanwhile ...",Produce Report,https://www.news.google.com/./articles/CBMiWGh0dHBzOi8vd3d3LnByb2R1Y2VyZXBvcnQuY29tL2FydGljbGUvYmFuYW5hLXByaWNlcy1yZWFjaC1wZWFrLTIwMTktbGlrZWx5LXdlYWtlbi1mdXR1cmXSAQA?hl=en-PK&gl=PK&ceid=PK%3Aen
Corona-update: Global container shipping capacity down 11% in April,"FreshPlaza, portal for the *fresh* produce industry, offering the latest news, job advertisements, pricewatching, and photo reports.",FreshPlaza.com,https://www.news.google.com/./articles/CBMibWh0dHBzOi8vd3d3LmZyZXNocGxhemEuY29tL2FydGljbGUvOTIxMTY0Ny9jb3JvbmEtdXBkYXRlLWdsb2JhbC1jb250YWluZXItc2hpcHBpbmctY2FwYWNpdHktZG93bi0xMS1pbi1hcHJpbC_SAQA?hl=en-PK&gl=PK&ceid=PK%3Aen
Rotting-fruit art points up food security issues,"Our planet's food supply is vulnerable to diseases caused by climate change and more. These glass models display the decay in beautiful, awful detail.",National Geographic,https://www.news.google.com/./articles/CAIiEDuLCMiqzuiK3uFMSIpZBAQqGQgEKhAIACoHCAowmrWECzDc_IADMP7SgwY?hl=en-PK&gl=PK&ceid=PK%3Aen
New ethical banana brand plays it fair,"Despite social and environmental progress, issues of low wages and weak job security persist in the banana value chain. A new Dutch brand called BeFrank ...",Fruitnet,https://www.news.google.com/./articles/CBMiUWh0dHA6Ly93d3cuZnJ1aXRuZXQuY29tL2Zwai9hcnRpY2xlLzE4MTIwOC9uZXctZXRoaWNhbC1iYW5hbmEtYnJhbmQtcGxheXMtaXQtZmFpctIBAA?hl=en-PK&gl=PK&ceid=PK%3Aen
"How Jalgaon, ‘Banana City of India’, is fast becoming the ‘Banana Republic’","The district, located over 300 km from the west coast and on the northern edge of the Deccan plateau, receives an average rainfall of just 750 mm yearly and the ...",The Financial Express,https://www.news.google.com/./articles/CAIiEOO8T4e8t1YkH5gifs73Cp0qGQgEKhAIACoHCAow55veCjDzvdUBMPTc5gU?hl=en-PK&gl=PK&ceid=PK%3Aen
"In Pictures: Jobless in crisis, Indian migrants head home","NEW DELHI: Tens of thousands of impoverished migrant workers are on the move across India, walking on highways and railway tracks or riding in trucks, ...",Pakistan Today,https://www.news.google.com/./articles/CBMiZGh0dHBzOi8vd3d3LnBha2lzdGFudG9kYXkuY29tLnBrLzIwMjAvMDUvMTcvaW4tcGljdHVyZXMtam9ibGVzcy1pbi1jcmlzaXMtaW5kaWFuLW1pZ3JhbnRzLWhlYWQtaG9tZS_SAWhodHRwczovL3d3dy5wYWtpc3RhbnRvZGF5LmNvbS5way8yMDIwLzA1LzE3L2luLXBpY3R1cmVzLWpvYmxlc3MtaW4tY3Jpc2lzLWluZGlhbi1taWdyYW50cy1oZWFkLWhvbWUvYW1wLw?hl=en-PK&gl=PK&ceid=PK%3Aen
"Banana artwork, worth Rs 84 lakh, taped to a wall gets eaten","The banana had been duct-taped to a gallery wall -- a work of art by Italian artist Maurizio Cattelan titled ""Comedian"" and sold to a French collector for $120,000 ...",India TV News,https://www.news.google.com/./articles/CAIiEAdtQCgVUMAxzn0NgDRjo2oqGQgEKhAIACoHCAowoPX9CjDmofYCMPCauQY?hl=en-PK&gl=PK&ceid=PK%3Aen
"Q&A: How Ecuador, the world's largest banana exporter, is defending against a devastating fungus","I'm calm but busy,” says agriculture minister Xavier Lazo Guerrero.",Science Magazine,https://www.news.google.com/./articles/CBMie2h0dHBzOi8vd3d3LnNjaWVuY2VtYWcub3JnL25ld3MvMjAxOS8wNy9xYS1ob3ctZWN1YWRvci13b3JsZC1zLWxhcmdlc3QtYmFuYW5hLWV4cG9ydGVyLWRlZmVuZGluZy1hZ2FpbnN0LWRldmFzdGF0aW5nLWZ1bmd1c9IBAA?hl=en-PK&gl=PK&ceid=PK%3Aen
Colombian banana companies show they care,Banana workers win major protection guarantees as producers donate fruit to vulnerable local communities.,Fruitnet,https://www.news.google.com/./articles/CBMiXWh0dHA6Ly93d3cuZnJ1aXRuZXQuY29tL2FtZXJpY2FmcnVpdC9hcnRpY2xlLzE4MTMzMi9jb2xvbWJpYW4tYmFuYW5hLWNvbXBhbmllcy1zaG93LXRoZXktY2FyZdIBAA?hl=en-PK&gl=PK&ceid=PK%3Aen
New hope for banana industry,Researchers in China develop variety of Cavendish bananas resistant to TR4 disease.,Fruitnet,https://www.news.google.com/./articles/CBMiTWh0dHA6Ly93d3cuZnJ1aXRuZXQuY29tL2FzaWFmcnVpdC9hcnRpY2xlLzE3OTg0OS9uZXctaG9wZS1mb3ItYmFuYW5hLWluZHVzdHJ50gEA?hl=en-PK&gl=PK&ceid=PK%3Aen
The banana as we know it is doomed,"We've covered the end of bananas for a long time. In June 2005, Dan Koeppel asked: ""Can this fruit be saved?"" Then again in May 2014, Koeppel pondered: ...",Popular Science,https://www.news.google.com/./articles/CBMiO2h0dHBzOi8vd3d3LnBvcHNjaS5jb20vYmFuYW5hLXBhbmFtYS1kaXNlYXNlLWRlYWRseS1mdW5ndXMv0gEA?hl=en-PK&gl=PK&ceid=PK%3Aen
Ecuador takes action as coronavirus spreads,"Richard Salazar, executive director of Ecuadorean banana exporter association Acorbanec talks to Fruitnet about the toll the coronavirus outbreak is taking on ...",Fruitnet,https://www.news.google.com/./articles/CBMiXGh0dHA6Ly93d3cuZnJ1aXRuZXQuY29tL2V1cm9mcnVpdC9hcnRpY2xlLzE4MTA3NS9lY3VhZG9yLXRha2VzLWFjdGlvbi1hcy1jb3JvbmF2aXJ1cy1zcHJlYWRz0gEA?hl=en-PK&gl=PK&ceid=PK%3Aen
Scientists share banana variety,South Africa's leading banana tissue culture facility has signed a deal to trial banana variety from Taiwan resistant to Panama Disease.,Fruitnet,https://www.news.google.com/./articles/CBMiUGh0dHA6Ly93d3cuZnJ1aXRuZXQuY29tL2FzaWFmcnVpdC9hcnRpY2xlLzE4MDI5Mi9zY2llbnRpc3RzLXNoYXJlLWJhbmFuYS12YXJpZXR50gEA?hl=en-PK&gl=PK&ceid=PK%3Aen
First Mexican bananas land in China,The first ever shipment of Mexican bananas has arrived in China. The 39-tonne consignment set sail from the port of Manzanillo on 21 January and consists of ...,Fruitnet,https://www.news.google.com/./articles/CBMiVGh0dHA6Ly93d3cuZnJ1aXRuZXQuY29tL2FzaWFmcnVpdC9hcnRpY2xlLzE4MTA0OS9maXJzdC1tZXhpY2FuLWJhbmFuYXMtbGFuZC1pbi1jaGluYdIBAA?hl=en-PK&gl=PK&ceid=PK%3Aen
Global fresh fruit market growing steadily,"FreshPlaza, portal for the *fresh* produce industry, offering the latest news, job advertisements, pricewatching, and photo reports.",FreshPlaza.com,https://www.news.google.com/./articles/CBMiVmh0dHBzOi8vd3d3LmZyZXNocGxhemEuY29tL2FydGljbGUvOTE3NTM2MC9nbG9iYWwtZnJlc2gtZnJ1aXQtbWFya2V0LWdyb3dpbmctc3RlYWRpbHkv0gEA?hl=en-PK&gl=PK&ceid=PK%3Aen
No banana drama as sales surge,"The Covid-19 pandemic has thrown up some unique challenges to the banana trade and its globalised supply chain, but it's been far from a tale of woe as stoic ...",Fruitnet,https://www.news.google.com/./articles/CBMiSWh0dHA6Ly93d3cuZnJ1aXRuZXQuY29tL2Zwai9hcnRpY2xlLzE4MTg3Mi9uby1iYW5hbmEtZHJhbWEtYXMtc2FsZXMtc3VyZ2XSAQA?hl=en-PK&gl=PK&ceid=PK%3Aen
China helps Pakistan in poverty alleviation,"The Chinese government's help to farmers in Pakistan's rural areas has raised the prospects of a better life for many poverty-stricken people. Ghulam Sarwar, a ...",Pakistan Today,https://www.news.google.com/./articles/CBMiWGh0dHBzOi8vd3d3LnBha2lzdGFudG9kYXkuY29tLnBrLzIwMTYvMDQvMTIvY2hpbmEtaGVscHMtcGFraXN0YW4taW4tcG92ZXJ0eS1hbGxldmlhdGlvbi_SAVxodHRwczovL3d3dy5wYWtpc3RhbnRvZGF5LmNvbS5way8yMDE2LzA0LzEyL2NoaW5hLWhlbHBzLXBha2lzdGFuLWluLXBvdmVydHktYWxsZXZpYXRpb24vYW1wLw?hl=en-PK&gl=PK&ceid=PK%3Aen
Direct demand for Philippine bananas,A new direct shipping route from the Philippines to the Middle East is set to help banana exporters boost their presence in the region.,Fruitnet,https://www.news.google.com/./articles/CBMiVWh0dHA6Ly93d3cuZnJ1aXRuZXQuY29tL2FzaWFmcnVpdC9hcnRpY2xlLzE4MTEzMC9kaXJlY3QtZGVtYW5kLWZvci1waGlsaXBwaW5lLWJhbmFuYXPSAQA?hl=en-PK&gl=PK&ceid=PK%3Aen
Global experts seek solutions to TR4,"Costa Rican banana corporation Corbana has organised the First Global Workshop on Fusarium wilt Tropical Race 4 (TR4), the devastating fungal disease ...",Fruitnet,https://www.news.google.com/./articles/CBMiVWh0dHA6Ly93d3cuZnJ1aXRuZXQuY29tL2V1cm9mcnVpdC9hcnRpY2xlLzE4MDI4MS9nbG9iYWwtZXhwZXJ0cy1zZWVrLXNvbHV0aW9ucy10by10cjTSAQA?hl=en-PK&gl=PK&ceid=PK%3Aen
Mexico Begins Exporting Bananas to China,"Mexico has now begun exporting bananas to China, with its first shipment of 39 tons successfully dispatched. Access to the Chinese market is expected to ...",Produce Report,https://www.news.google.com/./articles/CBMiS2h0dHBzOi8vd3d3LnByb2R1Y2VyZXBvcnQuY29tL2FydGljbGUvbWV4aWNvLWJlZ2lucy1leHBvcnRpbmctYmFuYW5hcy1jaGluYdIBAA?hl=en-PK&gl=PK&ceid=PK%3Aen
Fyffes marks Irish banana day,National Banana Day sees Fyffes push the health benefits and versatility of the fruit.,Fruitnet,https://www.news.google.com/./articles/CBMiSGh0dHA6Ly93d3cuZnJ1aXRuZXQuY29tL2Zwai9hcnRpY2xlLzE4MTQ5My9meWZmZXMtbWFya3MtaXJpc2gtYmFuYW5hLWRhedIBAA?hl=en-PK&gl=PK&ceid=PK%3Aen
Philippine banana exporters after price certainty,The Philippine's banana exporters have called on the government to regulate the exit price of the fruit to help moderate seasonal swings in yield and demands.,Fruitnet,https://www.news.google.com/./articles/CBMiXWh0dHA6Ly93d3cuZnJ1aXRuZXQuY29tL2FzaWFmcnVpdC9hcnRpY2xlLzE4MDgwNS9waGlsaXBwaW5lLWJhbmFuYS1leHBvcnRlcnMtd2FudC1maXhlZC1wcmljZdIBAA?hl=en-PK&gl=PK&ceid=PK%3Aen
